"enroll_id","student_id","course_id","enroll_date","grade"
3,844,197,"2025-05-05","NA"
4,490,197,"2025-01-15","B "
5,1922,2,"2025-04-02","D "
6,358,63,"2025-01-02","NA"
7,1251,122,"2025-06-07","A "
8,1417,88,"2025-04-28","A "
9,78,74,"2025-03-26","B "
10,1222,130,"2025-03-18","F "
11,369,44,"2025-04-01","F "
12,1469,22,"2025-01-28","F "
13,1024,69,"2025-01-02","NA"
14,1254,96,"2025-03-31","F "
15,1947,184,"2025-02-17","NA"
16,181,194,"2025-04-13","D "
17,1285,107,"2025-04-01","F "
18,1693,93,"2025-01-03","NA"
19,1603,162,"2025-01-26","A "
20,617,171,"2025-04-21","F "
21,713,63,"2025-05-06","A "
22,858,39,"2025-02-20","F "
23,10,193,"2025-01-22","D "
24,1143,193,"2025-05-16","NA"
25,483,136,"2025-05-12","F "
26,394,108,"2025-02-09","F "
27,241,59,"2025-04-16","D "
28,1086,36,"2025-02-01","C "
29,196,110,"2025-05-05","C "
30,1268,106,"2025-01-02","B "
31,742,105,"2025-02-09","F "
32,1767,118,"2025-06-18","C "
33,1559,133,"2025-03-06","B "
34,1106,175,"2025-02-27","C "
35,1040,93,"2025-05-01","B "
36,450,8,"2025-04-12","C "
37,951,114,"2025-04-06","B "
38,1578,38,"2025-03-18","D "
39,1283,198,"2025-04-04","C "
40,1351,3,"2025-04-20","NA"
41,427,184,"2025-02-16","A "
42,567,133,"2025-05-18","NA"
43,109,18,"2025-03-10","B "
44,397,22,"2025-01-28","D "
45,231,87,"2025-04-23","NA"
46,1632,81,"2025-06-18","D "
47,306,103,"2025-04-23","C "
48,1404,198,"2025-02-11","A "
49,1729,43,"2025-02-05","C "
50,1984,112,"2025-04-01","F "
51,1867,16,"2025-04-22","F "
52,972,101,"2025-01-02","A "
53,1019,195,"2025-04-02","C "
54,362,10,"2025-02-20","NA"
55,328,170,"2025-01-29","D "
56,1373,165,"2025-02-18","F "
57,1890,39,"2025-03-14","B "
58,89,148,"2025-01-11","D "
59,111,15,"2025-02-04","D "
60,1321,162,"2025-04-12","B "
61,746,183,"2025-04-18","F "
62,584,170,"2025-03-26","B "
63,430,134,"2025-01-09","F "
64,891,76,"2025-02-11","B "
65,515,108,"2025-06-20","D "
66,685,103,"2025-02-20","NA"
67,1264,175,"2025-05-03","F "
68,1649,180,"2025-06-20","NA"
69,1823,142,"2025-03-10","B "
70,1554,78,"2025-01-31","F "
71,929,185,"2025-04-18","C "
72,89,191,"2025-05-06","C "
73,214,81,"2025-05-21","C "
74,1517,89,"2025-05-07","C "
75,108,3,"2025-06-24","A "
76,1895,72,"2025-02-02","A "
77,1101,136,"2025-03-25","D "
78,361,157,"2025-04-13","D "
79,324,38,"2025-05-09","F "
80,1609,180,"2025-04-10","B "
81,60,104,"2025-02-03","F "
82,994,115,"2025-01-29","D "
83,1055,165,"2025-01-28","NA"
84,238,53,"2025-01-06","B "
85,146,140,"2025-02-02","B "
86,1834,160,"2025-02-09","D "
87,482,159,"2025-03-30","A "
88,1478,167,"2025-05-09","B "
89,911,114,"2025-01-04","A "
90,1214,179,"2025-06-25","D "
91,1188,89,"2025-03-02","C "
92,668,167,"2025-01-14","F "
93,859,104,"2025-06-23","NA"
94,408,199,"2025-03-29","D "
95,1531,51,"2025-04-20","NA"
96,1387,78,"2025-06-02","A "
97,1840,22,"2025-01-03","B "
98,668,10,"2025-04-22","A "
99,472,138,"2025-05-03","D "
100,1596,86,"2025-03-16","A "
101,226,100,"2025-03-14","NA"
102,668,186,"2025-05-05","B "
103,467,185,"2025-01-22","A "
104,201,190,"2025-04-20","B "
105,486,33,"2025-03-05","F "
106,1511,134,"2025-06-08","F "
107,845,139,"2025-02-09","D "
108,1782,73,"2025-05-11","D "
109,410,55,"2025-02-17","C "
110,770,24,"2025-03-05","B "
111,1826,131,"2025-03-13","D "
112,452,142,"2025-01-30","NA"
113,151,80,"2025-03-09","F "
114,965,134,"2025-06-29","B "
115,1199,88,"2025-03-05","NA"
116,993,194,"2025-06-20","C "
117,112,163,"2025-04-20","A "
118,1824,41,"2025-02-20","C "
119,893,6,"2025-05-02","C "
120,297,8,"2025-06-30","F "
121,443,139,"2025-01-27","F "
122,1901,152,"2025-06-29","F "
123,1249,67,"2025-05-09","A "
124,932,62,"2025-06-06","NA"
125,365,199,"2025-02-16","A "
126,794,78,"2025-02-18","A "
127,765,186,"2025-06-01","NA"
128,280,109,"2025-06-11","C "
129,938,130,"2025-06-12","D "
130,1475,29,"2025-02-08","D "
131,398,188,"2025-02-28","NA"
132,1295,16,"2025-01-31","D "
133,735,96,"2025-02-03","NA"
134,1998,67,"2025-04-13","D "
135,553,161,"2025-01-10","C "
136,415,130,"2025-03-12","D "
137,688,91,"2025-02-19","NA"
138,261,32,"2025-02-07","B "
139,66,13,"2025-04-20","NA"
140,1418,194,"2025-01-05","B "
141,1165,167,"2025-06-07","NA"
142,123,32,"2025-02-21","F "
143,575,115,"2025-01-24","F "
144,280,77,"2025-01-14","A "
145,228,147,"2025-04-08","B "
146,1745,189,"2025-04-15","A "
147,954,2,"2025-05-15","F "
148,940,117,"2025-03-20","F "
149,857,87,"2025-06-29","C "
150,351,61,"2025-06-12","NA"
151,1558,191,"2025-03-01","NA"
152,704,149,"2025-02-26","D "
153,451,145,"2025-03-28","D "
154,1816,183,"2025-04-20","C "
155,605,161,"2025-05-03","D "
156,1237,171,"2025-01-16","B "
157,322,137,"2025-05-11","F "
158,1617,153,"2025-04-20","NA"
159,1628,60,"2025-06-14","F "
160,1307,90,"2025-01-14","C "
161,1952,77,"2025-03-19","A "
162,1253,73,"2025-01-29","B "
163,1855,171,"2025-03-10","C "
164,349,184,"2025-04-04","D "
165,1184,147,"2025-03-13","C "
166,1987,173,"2025-03-31","A "
167,1133,36,"2025-04-18","F "
168,1752,183,"2025-03-05","F "
169,471,97,"2025-03-23","F "
170,178,134,"2025-01-13","F "
171,844,189,"2025-02-16","F "
172,1756,64,"2025-01-11","D "
173,1069,27,"2025-01-01","C "
174,1002,84,"2025-01-14","C "
175,1766,133,"2025-06-19","D "
176,444,150,"2025-03-24","C "
177,1212,50,"2025-02-24","B "
178,970,200,"2025-03-15","B "
179,1715,93,"2025-05-01","A "
180,948,117,"2025-03-13","NA"
181,572,26,"2025-06-05","NA"
182,30,38,"2025-01-26","B "
183,1496,183,"2025-04-21","D "
184,877,109,"2025-02-17","F "
185,1508,106,"2025-03-06","C "
186,1788,21,"2025-05-06","F "
187,506,24,"2025-04-04","F "
188,508,16,"2025-03-27","C "
189,671,109,"2025-03-19","A "
190,890,34,"2025-01-29","C "
191,1187,122,"2025-01-25","C "
192,456,55,"2025-06-21","B "
193,1827,115,"2025-01-04","A "
194,1900,20,"2025-06-24","C "
195,1212,95,"2025-05-22","C "
196,1938,174,"2025-02-03","D "
197,306,135,"2025-03-26","D "
198,1872,104,"2025-04-03","B "
199,1175,151,"2025-04-03","B "
200,1840,144,"2025-05-31","C "
201,11,133,"2025-05-16","C "
202,856,200,"2025-06-04","F "
203,91,102,"2025-04-06","A "
204,83,68,"2025-03-02","B "
205,964,150,"2025-06-16","NA"
206,1503,128,"2025-03-12","C "
207,1575,163,"2025-02-23","B "
208,1033,109,"2025-05-30","A "
209,69,113,"2025-04-09","B "
210,872,177,"2025-01-23","F "
211,1088,126,"2025-01-28","F "
212,808,188,"2025-02-03","B "
213,982,107,"2025-06-11","A "
214,1659,42,"2025-06-04","F "
215,1635,37,"2025-01-31","A "
216,1427,130,"2025-01-11","F "
217,1683,33,"2025-05-31","F "
218,201,125,"2025-06-17","B "
219,927,183,"2025-02-18","A "
220,1015,118,"2025-02-19","D "
221,493,34,"2025-06-30","A "
222,171,181,"2025-04-25","C "
223,1144,132,"2025-01-26","B "
224,1543,136,"2025-01-20","C "
225,26,31,"2025-05-20","F "
226,1420,178,"2025-06-08","D "
227,1499,55,"2025-03-29","NA"
228,833,117,"2025-03-19","D "
229,1946,122,"2025-05-02","F "
230,447,9,"2025-02-21","B "
231,272,192,"2025-05-17","D "
232,735,41,"2025-02-09","C "
233,606,144,"2025-01-12","A "
234,490,95,"2025-02-02","NA"
235,1327,31,"2025-02-19","NA"
236,186,155,"2025-04-18","A "
237,33,105,"2025-05-21","D "
238,983,29,"2025-03-06","D "
239,1371,31,"2025-05-24","D "
240,625,95,"2025-03-30","C "
241,332,147,"2025-04-04","A "
242,1441,75,"2025-04-25","B "
243,941,11,"2025-06-11","C "
244,1758,134,"2025-01-31","NA"
245,1169,40,"2025-04-22","NA"
246,1531,31,"2025-01-18","A "
247,1196,96,"2025-05-04","C "
248,50,79,"2025-04-18","A "
249,2000,96,"2025-05-15","NA"
250,932,78,"2025-05-09","B "
251,950,76,"2025-01-06","NA"
252,1581,125,"2025-02-12","A "
253,284,8,"2025-06-03","C "
254,1791,37,"2025-03-12","B "
255,1441,37,"2025-06-28","F "
256,831,151,"2025-02-03","C "
257,379,108,"2025-03-16","C "
258,1618,13,"2025-01-12","D "
259,1785,79,"2025-05-25","NA"
260,759,73,"2025-01-16","NA"
261,1284,56,"2025-06-27","F "
262,951,47,"2025-02-18","NA"
263,1442,190,"2025-04-12","A "
264,1298,126,"2025-05-07","NA"
265,3,1,"2025-06-25","NA"
266,1763,32,"2025-05-17","C "
267,1285,141,"2025-05-12","A "
268,145,90,"2025-01-20","D "
269,789,18,"2025-02-12","A "
270,1830,12,"2025-04-23","NA"
271,1415,107,"2025-05-11","F "
272,682,124,"2025-04-09","C "
273,1088,147,"2025-05-24","B "
274,67,80,"2025-04-10","F "
275,608,145,"2025-04-13","NA"
276,873,116,"2025-06-05","NA"
277,1542,87,"2025-03-11","A "
278,553,97,"2025-02-22","NA"
279,1430,122,"2025-02-17","NA"
280,1938,185,"2025-01-01","A "
281,1255,156,"2025-02-10","B "
282,1111,34,"2025-05-27","B "
283,1179,196,"2025-02-25","F "
284,1628,36,"2025-06-01","D "
285,425,130,"2025-06-28","B "
286,1614,163,"2025-01-03","NA"
287,1403,118,"2025-05-12","B "
288,166,195,"2025-04-27","C "
289,1271,116,"2025-05-09","D "
290,1804,171,"2025-05-15","B "
291,688,115,"2025-03-08","D "
292,1507,39,"2025-03-19","B "
293,1910,187,"2025-02-26","NA"
294,113,84,"2025-03-17","D "
295,1055,23,"2025-03-10","C "
296,1937,160,"2025-05-22","B "
297,1864,171,"2025-01-31","B "
298,1382,160,"2025-02-13","NA"
299,746,105,"2025-02-27","A "
300,1819,100,"2025-01-12","F "
301,106,60,"2025-05-17","NA"
302,228,102,"2025-03-02","NA"
303,785,87,"2025-03-16","B "
304,749,139,"2025-01-11","A "
305,954,12,"2025-06-13","D "
306,1268,172,"2025-02-07","A "
307,84,114,"2025-03-13","D "
308,749,189,"2025-02-04","F "
309,751,72,"2025-03-11","F "
310,359,166,"2025-01-14","B "
311,1328,23,"2025-06-14","NA"
312,1145,43,"2025-03-05","B "
313,1444,182,"2025-02-23","A "
314,138,7,"2025-05-17","D "
315,1149,147,"2025-01-30","NA"
316,1453,162,"2025-01-01","C "
317,1585,198,"2025-06-16","F "
318,420,182,"2025-03-30","D "
319,284,80,"2025-06-11","NA"
320,686,144,"2025-06-04","F "
321,489,166,"2025-04-05","B "
322,1106,32,"2025-03-25","NA"
323,233,165,"2025-01-22","C "
324,1330,144,"2025-06-30","D "
325,980,22,"2025-05-21","F "
326,1511,50,"2025-03-09","NA"
327,1924,159,"2025-02-04","B "
328,1541,139,"2025-04-15","C "
329,1189,148,"2025-06-06","B "
330,1785,194,"2025-03-17","C "
331,1965,14,"2025-03-25","NA"
332,1440,146,"2025-01-15","D "
333,430,134,"2025-06-10","D "
334,1543,49,"2025-01-03","NA"
335,1526,193,"2025-04-02","D "
336,1559,122,"2025-02-26","F "
337,462,129,"2025-03-13","C "
338,657,5,"2025-02-15","F "
339,723,31,"2025-03-07","D "
340,1839,169,"2025-01-05","C "
341,548,137,"2025-05-18","A "
342,1032,47,"2025-06-18","B "
343,1394,5,"2025-05-30","A "
344,867,71,"2025-01-28","C "
345,568,53,"2025-06-26","D "
346,112,63,"2025-04-08","D "
347,130,181,"2025-06-17","C "
348,764,149,"2025-03-07","B "
349,708,114,"2025-06-10","NA"
350,927,22,"2025-06-12","D "
351,996,137,"2025-06-04","A "
352,1027,156,"2025-05-22","B "
353,1079,83,"2025-02-22","D "
354,1699,103,"2025-04-24","C "
355,252,151,"2025-02-26","NA"
356,963,12,"2025-03-25","A "
357,1454,126,"2025-03-10","C "
358,1090,6,"2025-02-22","NA"
359,1390,88,"2025-05-29","D "
360,1691,112,"2025-06-11","NA"
361,1092,47,"2025-04-12","B "
362,1843,107,"2025-02-09","D "
363,599,7,"2025-04-25","D "
364,926,136,"2025-03-01","F "
365,1272,82,"2025-04-22","D "
366,754,98,"2025-04-05","NA"
367,1639,66,"2025-02-07","B "
368,1379,24,"2025-05-03","A "
369,1937,30,"2025-01-24","C "
370,1420,26,"2025-05-07","C "
371,1657,139,"2025-02-16","F "
372,1927,44,"2025-04-28","B "
373,1809,74,"2025-02-17","D "
374,135,37,"2025-02-15","A "
375,386,47,"2025-02-18","F "
376,1827,66,"2025-05-26","C "
377,1811,197,"2025-05-06","C "
378,938,23,"2025-02-16","NA"
379,179,40,"2025-06-15","C "
380,165,79,"2025-03-14","D "
381,801,105,"2025-01-06","D "
382,1839,174,"2025-03-21","D "
383,367,44,"2025-02-11","D "
384,591,16,"2025-02-15","D "
385,1963,158,"2025-04-11","C "
386,1960,84,"2025-06-25","A "
387,158,47,"2025-06-05","C "
388,224,7,"2025-02-18","D "
389,338,183,"2025-01-18","NA"
390,566,15,"2025-02-06","B "
391,230,77,"2025-01-19","C "
392,1428,100,"2025-04-20","NA"
393,304,26,"2025-03-04","A "
394,1017,82,"2025-04-27","C "
395,309,37,"2025-06-15","D "
396,1792,106,"2025-04-14","D "
397,419,83,"2025-01-26","B "
398,1067,67,"2025-05-15","F "
399,1950,97,"2025-02-05","B "
400,1285,31,"2025-01-04","F "
401,47,14,"2025-06-04","B "
402,601,52,"2025-01-26","NA"
403,854,62,"2025-04-07","A "
404,1986,193,"2025-04-09","F "
405,1398,153,"2025-01-06","F "
406,1109,151,"2025-01-29","C "
407,1909,61,"2025-01-04","B "
408,271,127,"2025-06-14","F "
409,971,131,"2025-01-12","F "
410,711,193,"2025-02-03","A "
411,861,130,"2025-03-05","NA"
412,910,99,"2025-01-22","A "
413,1511,30,"2025-03-10","D "
414,1321,69,"2025-02-06","A "
415,44,16,"2025-06-10","NA"
416,598,82,"2025-06-03","C "
417,388,119,"2025-01-04","C "
418,129,142,"2025-01-03","F "
419,46,105,"2025-01-28","A "
420,1786,17,"2025-05-19","NA"
421,1643,124,"2025-03-28","A "
422,476,8,"2025-01-22","F "
423,1710,105,"2025-02-21","B "
424,1941,163,"2025-02-05","C "
425,1065,60,"2025-05-03","F "
426,1321,5,"2025-05-25","B "
427,688,69,"2025-04-24","B "
428,844,142,"2025-02-11","F "
429,1186,151,"2025-03-20","D "
430,703,173,"2025-03-26","NA"
431,1343,26,"2025-05-03","B "
432,1324,64,"2025-02-09","C "
433,1612,196,"2025-03-04","B "
434,669,143,"2025-01-15","C "
435,996,167,"2025-05-20","C "
436,1216,33,"2025-06-27","D "
437,1364,78,"2025-03-10","B "
438,1428,146,"2025-06-10","F "
439,1086,105,"2025-05-20","NA"
440,1725,115,"2025-02-01","B "
441,1124,22,"2025-01-06","A "
442,912,163,"2025-01-12","A "
443,938,129,"2025-01-27","A "
444,623,53,"2025-05-20","F "
445,1162,37,"2025-03-17","A "
446,271,96,"2025-01-27","F "
447,1840,139,"2025-05-11","D "
448,1617,44,"2025-04-17","D "
449,628,63,"2025-02-06","A "
450,352,138,"2025-01-01","B "
451,1617,109,"2025-02-27","C "
452,533,143,"2025-01-07","C "
453,465,116,"2025-02-28","A "
454,992,11,"2025-04-20","B "
455,762,1,"2025-04-09","NA"
456,1989,119,"2025-02-07","NA"
457,591,159,"2025-04-01","B "
458,1577,75,"2025-06-17","A "
459,1732,168,"2025-03-15","C "
460,97,43,"2025-02-27","NA"
461,304,1,"2025-06-25","A "
462,724,16,"2025-04-09","D "
463,583,124,"2025-06-25","NA"
464,934,70,"2025-01-29","D "
465,1959,154,"2025-05-06","B "
466,341,65,"2025-02-13","NA"
467,1267,175,"2025-01-29","C "
468,1893,98,"2025-02-27","A "
469,330,90,"2025-01-27","A "
470,1458,162,"2025-03-14","A "
471,1097,55,"2025-04-02","F "
472,585,150,"2025-01-20","NA"
473,374,131,"2025-06-07","NA"
474,1994,73,"2025-03-27","NA"
475,360,12,"2025-01-31","D "
476,1719,42,"2025-04-03","A "
477,1451,190,"2025-01-22","A "
478,1419,137,"2025-01-12","NA"
479,1853,145,"2025-06-04","F "
480,1365,18,"2025-02-08","F "
481,1628,77,"2025-02-15","B "
482,315,23,"2025-04-20","A "
483,331,102,"2025-05-16","NA"
484,488,179,"2025-03-27","F "
485,240,32,"2025-06-03","D "
486,85,36,"2025-02-16","B "
487,649,186,"2025-06-23","F "
488,1177,143,"2025-04-19","C "
489,260,72,"2025-02-08","C "
490,903,111,"2025-06-20","D "
491,534,54,"2025-06-25","F "
492,758,157,"2025-03-19","NA"
493,378,130,"2025-06-09","A "
494,421,82,"2025-03-15","C "
495,1152,175,"2025-03-31","C "
496,1449,88,"2025-01-27","D "
497,72,163,"2025-03-11","B "
498,1364,67,"2025-05-08","A "
499,650,193,"2025-06-19","C "
500,705,182,"2025-04-05","NA"
501,303,116,"2025-03-09","F "
502,764,70,"2025-01-20","D "
503,919,63,"2025-01-01","D "
504,1106,170,"2025-02-08","C "
505,1998,83,"2025-06-17","D "
506,333,88,"2025-02-07","A "
507,1093,54,"2025-03-23","B "
508,618,118,"2025-02-07","D "
509,249,154,"2025-04-10","F "
510,1886,85,"2025-04-25","C "
511,52,5,"2025-05-03","D "
512,829,178,"2025-01-18","C "
513,1907,35,"2025-01-29","NA"
514,1023,166,"2025-05-28","F "
515,1574,1,"2025-04-20","F "
516,298,156,"2025-03-13","B "
517,1942,122,"2025-02-07","D "
518,939,2,"2025-01-24","A "
519,1901,3,"2025-03-24","D "
520,656,173,"2025-02-02","NA"
521,320,45,"2025-02-16","D "
522,9,106,"2025-04-09","C "
523,1987,143,"2025-04-01","F "
524,1513,179,"2025-03-23","NA"
525,1119,181,"2025-05-07","A "
526,1999,126,"2025-04-19","D "
527,1040,196,"2025-05-04","B "
528,679,101,"2025-06-27","F "
529,1326,138,"2025-04-16","A "
530,1445,21,"2025-06-04","D "
531,606,167,"2025-06-12","B "
532,971,167,"2025-03-27","D "
533,1835,20,"2025-02-05","C "
534,594,138,"2025-06-17","D "
535,1986,8,"2025-03-04","F "
536,1934,172,"2025-04-09","A "
537,1545,114,"2025-04-18","NA"
538,1175,173,"2025-05-21","C "
539,1366,32,"2025-05-08","C "
540,302,91,"2025-05-18","B "
541,1638,97,"2025-05-17","NA"
542,1158,154,"2025-05-07","A "
543,1493,92,"2025-05-17","A "
544,1858,100,"2025-05-18","F "
545,1889,46,"2025-02-28","B "
546,906,197,"2025-04-09","B "
547,694,179,"2025-01-22","D "
548,1412,3,"2025-05-29","F "
549,231,32,"2025-04-18","B "
550,1499,119,"2025-05-15","A "
551,981,95,"2025-05-28","B "
552,1844,50,"2025-06-27","D "
553,83,114,"2025-02-26","F "
554,286,3,"2025-06-29","D "
555,1389,57,"2025-01-23","F "
556,1129,191,"2025-03-02","NA"
557,240,6,"2025-04-03","F "
558,631,195,"2025-01-01","B "
559,51,72,"2025-02-22","A "
560,823,175,"2025-01-05","D "
561,1265,182,"2025-04-03","C "
562,1723,92,"2025-05-23","D "
563,452,50,"2025-05-02","C "
564,914,24,"2025-02-04","NA"
565,732,158,"2025-01-29","C "
566,190,161,"2025-01-16","B "
567,669,78,"2025-03-31","A "
568,113,184,"2025-04-03","C "
569,1246,57,"2025-02-05","NA"
570,1314,60,"2025-03-17","F "
571,400,127,"2025-04-28","F "
572,1195,93,"2025-02-06","D "
573,1079,10,"2025-05-22","A "
574,455,72,"2025-04-18","C "
575,1601,127,"2025-03-04","NA"
576,1917,181,"2025-02-23","B "
577,1572,181,"2025-02-27","F "
578,570,156,"2025-01-15","D "
579,401,54,"2025-02-05","F "
580,47,2,"2025-01-31","D "
581,172,51,"2025-06-28","C "
582,1103,164,"2025-06-30","NA"
583,1740,102,"2025-02-06","B "
584,913,29,"2025-04-07","C "
585,1387,72,"2025-01-07","D "
586,1376,146,"2025-06-28","NA"
587,1962,129,"2025-04-19","D "
588,179,127,"2025-04-06","F "
589,1999,44,"2025-01-14","F "
590,1049,142,"2025-06-29","NA"
591,808,50,"2025-01-28","NA"
592,399,169,"2025-06-19","A "
593,1005,190,"2025-05-29","A "
594,651,145,"2025-01-19","D "
595,1236,173,"2025-05-03","NA"
596,1240,175,"2025-06-02","A "
597,1048,155,"2025-02-10","D "
598,1933,145,"2025-01-08","B "
599,115,45,"2025-02-07","A "
600,1861,17,"2025-04-04","B "
601,1366,151,"2025-02-06","F "
602,740,33,"2025-01-21","NA"
603,815,191,"2025-03-04","A "
604,303,17,"2025-01-20","B "
605,1467,33,"2025-01-04","B "
606,1749,67,"2025-05-26","D "
607,876,146,"2025-04-17","A "
608,758,59,"2025-02-08","A "
609,791,134,"2025-02-16","D "
610,764,187,"2025-05-01","D "
611,25,71,"2025-02-05","B "
612,583,50,"2025-05-16","NA"
613,707,174,"2025-06-28","F "
614,720,6,"2025-03-18","D "
615,631,178,"2025-05-01","B "
616,913,174,"2025-04-16","NA"
617,1791,137,"2025-03-28","F "
618,1149,158,"2025-04-24","D "
619,180,65,"2025-06-15","D "
620,442,175,"2025-06-27","A "
621,1491,144,"2025-01-04","C "
622,1819,117,"2025-03-15","A "
623,910,1,"2025-01-29","D "
624,1519,110,"2025-02-09","C "
625,852,165,"2025-01-16","NA"
626,1646,173,"2025-06-14","NA"
627,907,167,"2025-01-09","C "
628,592,14,"2025-06-04","F "
629,336,83,"2025-02-14","C "
630,1651,111,"2025-05-09","F "
631,1491,105,"2025-02-11","C "
632,1988,71,"2025-01-03","F "
633,1839,32,"2025-04-12","NA"
634,869,175,"2025-04-19","B "
635,1493,133,"2025-06-24","B "
636,1836,120,"2025-04-27","C "
637,849,127,"2025-05-22","F "
638,286,93,"2025-03-08","NA"
639,1712,133,"2025-05-27","B "
640,1203,195,"2025-05-09","F "
641,1225,12,"2025-03-20","NA"
642,177,185,"2025-02-28","C "
643,295,58,"2025-04-19","F "
644,426,13,"2025-02-10","F "
645,622,72,"2025-03-11","C "
646,973,108,"2025-01-24","D "
647,1777,137,"2025-05-14","D "
648,1076,115,"2025-04-07","B "
649,687,81,"2025-02-02","C "
650,136,2,"2025-02-24","NA"
651,1912,101,"2025-04-13","NA"
652,1967,50,"2025-06-08","B "
653,1210,86,"2025-01-15","B "
654,1549,21,"2025-02-26","F "
655,770,147,"2025-04-11","NA"
656,182,7,"2025-02-17","D "
657,14,189,"2025-05-24","A "
658,839,58,"2025-06-04","C "
659,1309,177,"2025-01-20","D "
660,1873,109,"2025-06-27","B "
661,560,20,"2025-04-30","B "
662,849,64,"2025-05-03","D "
663,359,51,"2025-03-22","A "
664,1139,43,"2025-06-17","A "
665,947,85,"2025-06-14","C "
666,1455,80,"2025-04-14","NA"
667,1164,17,"2025-04-08","B "
668,1547,161,"2025-02-12","B "
669,1874,161,"2025-01-14","NA"
670,281,25,"2025-04-06","A "
671,409,8,"2025-06-15","F "
672,381,123,"2025-04-19","D "
673,1705,111,"2025-02-19","C "
674,782,7,"2025-03-11","A "
675,593,152,"2025-01-28","A "
676,1135,161,"2025-01-27","F "
677,1005,86,"2025-01-20","D "
678,87,65,"2025-04-03","F "
679,1686,64,"2025-06-04","B "
680,1693,28,"2025-03-27","A "
681,619,122,"2025-01-08","C "
682,1710,62,"2025-03-03","NA"
683,1199,88,"2025-03-14","F "
684,623,14,"2025-02-11","B "
685,1012,86,"2025-05-19","C "
686,1146,134,"2025-01-28","NA"
687,1516,61,"2025-01-17","A "
688,950,19,"2025-02-24","B "
689,460,199,"2025-06-02","C "
690,55,154,"2025-01-03","C "
691,1621,159,"2025-03-21","D "
692,6,113,"2025-02-18","F "
693,316,196,"2025-05-22","NA"
694,538,25,"2025-02-21","C "
695,615,161,"2025-06-13","C "
696,1958,115,"2025-01-09","F "
697,1312,149,"2025-03-03","D "
698,1709,32,"2025-03-10","C "
699,1304,22,"2025-01-22","F "
700,968,16,"2025-05-26","F "
701,255,9,"2025-05-25","NA"
702,1340,97,"2025-01-12","NA"
703,1364,81,"2025-05-25","B "
704,1829,178,"2025-05-04","A "
705,590,17,"2025-01-12","F "
706,855,33,"2025-01-13","B "
707,368,16,"2025-03-22","A "
708,1008,114,"2025-01-24","NA"
709,1858,15,"2025-03-21","B "
710,1409,78,"2025-01-03","C "
711,1321,157,"2025-04-02","B "
712,502,161,"2025-03-14","C "
713,59,111,"2025-04-12","F "
714,245,17,"2025-05-09","A "
715,1567,27,"2025-02-19","B "
716,568,174,"2025-03-22","F "
717,1010,15,"2025-04-11","F "
718,1988,144,"2025-04-02","NA"
719,137,14,"2025-02-03","D "
720,1227,76,"2025-06-29","C "
721,1527,98,"2025-06-22","F "
722,741,103,"2025-01-25","F "
723,1191,25,"2025-03-26","F "
724,985,159,"2025-04-15","C "
725,1159,193,"2025-05-09","NA"
726,894,106,"2025-01-26","F "
727,1779,60,"2025-05-09","NA"
728,529,154,"2025-02-08","D "
729,1287,169,"2025-01-07","B "
730,1405,160,"2025-05-31","B "
731,975,3,"2025-04-08","A "
732,1996,117,"2025-05-03","B "
733,1422,99,"2025-05-31","B "
734,1676,119,"2025-01-10","A "
735,245,110,"2025-03-16","F "
736,765,159,"2025-02-11","B "
737,1050,159,"2025-02-08","B "
738,1502,26,"2025-06-24","B "
739,1179,87,"2025-04-29","D "
740,36,167,"2025-01-21","A "
741,1732,173,"2025-06-10","C "
742,532,7,"2025-01-24","A "
743,334,117,"2025-03-01","A "
744,1192,133,"2025-02-25","B "
745,120,85,"2025-06-24","F "
746,300,151,"2025-06-17","D "
747,655,50,"2025-02-06","D "
748,945,28,"2025-02-11","NA"
749,1799,27,"2025-05-09","D "
750,1420,4,"2025-05-13","C "
751,278,153,"2025-06-05","C "
752,732,183,"2025-06-16","F "
753,335,18,"2025-05-14","A "
754,109,152,"2025-03-29","B "
755,559,50,"2025-04-25","F "
756,740,147,"2025-02-03","D "
757,860,33,"2025-03-28","D "
758,1304,164,"2025-03-16","D "
759,1868,131,"2025-04-03","NA"
760,1957,66,"2025-06-09","D "
761,730,91,"2025-04-21","C "
762,100,108,"2025-01-11","C "
763,594,124,"2025-06-24","F "
764,598,186,"2025-04-10","C "
765,1085,159,"2025-03-03","F "
766,1309,114,"2025-02-23","A "
767,1918,48,"2025-06-06","F "
768,158,63,"2025-06-05","B "
769,1053,36,"2025-01-20","B "
770,397,12,"2025-02-09","NA"
771,1570,16,"2025-05-26","C "
772,1287,33,"2025-06-10","NA"
773,376,80,"2025-05-08","B "
774,1567,150,"2025-01-25","D "
775,194,112,"2025-01-04","F "
776,1227,132,"2025-02-06","D "
777,1542,167,"2025-03-21","D "
778,343,194,"2025-05-21","NA"
779,1114,92,"2025-01-23","C "
780,661,80,"2025-05-08","NA"
781,1787,150,"2025-01-25","A "
782,648,139,"2025-04-27","F "
783,1694,199,"2025-03-22","D "
784,1731,38,"2025-02-13","NA"
785,1403,38,"2025-03-17","C "
786,1639,121,"2025-02-11","B "
787,617,80,"2025-01-18","A "
788,556,155,"2025-03-13","C "
789,1404,88,"2025-05-28","D "
790,1430,75,"2025-04-04","NA"
791,1410,95,"2025-04-01","C "
792,743,3,"2025-01-23","NA"
793,197,133,"2025-01-19","D "
794,1095,151,"2025-02-15","B "
795,1188,169,"2025-04-28","F "
796,721,174,"2025-03-08","F "
797,1687,38,"2025-05-02","B "
798,295,15,"2025-03-07","D "
799,27,61,"2025-04-24","C "
800,281,130,"2025-06-16","B "
801,1062,144,"2025-02-05","NA"
802,577,14,"2025-02-01","A "
803,764,109,"2025-05-26","B "
804,1595,89,"2025-05-05","D "
805,994,51,"2025-01-11","C "
806,844,52,"2025-04-04","F "
807,697,164,"2025-03-15","B "
808,1887,52,"2025-04-13","A "
809,1866,18,"2025-04-15","F "
810,334,88,"2025-06-08","C "
811,210,49,"2025-06-24","C "
812,447,171,"2025-02-03","A "
813,317,122,"2025-04-23","C "
814,1031,178,"2025-04-04","C "
815,453,178,"2025-05-12","F "
816,1704,120,"2025-06-09","A "
817,386,154,"2025-03-22","F "
818,1629,178,"2025-04-06","C "
819,1838,85,"2025-01-22","A "
820,1145,149,"2025-06-24","NA"
821,1257,145,"2025-04-16","C "
822,1413,86,"2025-05-10","NA"
823,1703,158,"2025-04-26","D "
824,1951,77,"2025-03-09","D "
825,1077,108,"2025-06-24","A "
826,1733,85,"2025-01-11","NA"
827,1090,42,"2025-06-08","NA"
828,1460,27,"2025-06-14","C "
829,1129,117,"2025-01-15","C "
830,1439,11,"2025-03-04","NA"
831,1549,127,"2025-06-29","A "
832,1644,57,"2025-05-24","F "
833,234,1,"2025-01-03","A "
834,855,164,"2025-02-09","NA"
835,944,58,"2025-01-27","D "
836,1877,178,"2025-03-16","F "
837,157,59,"2025-04-07","NA"
838,239,120,"2025-02-10","D "
839,1677,160,"2025-05-26","D "
840,269,55,"2025-04-13","B "
841,1892,62,"2025-01-19","D "
842,36,124,"2025-02-27","NA"
843,983,189,"2025-04-10","NA"
844,714,197,"2025-04-29","F "
845,639,85,"2025-06-21","A "
846,1416,190,"2025-01-24","A "
847,743,97,"2025-03-31","C "
848,285,53,"2025-04-30","A "
849,1674,103,"2025-04-30","F "
850,906,48,"2025-06-14","NA"
851,1823,2,"2025-05-17","B "
852,1224,93,"2025-04-30","NA"
853,1072,3,"2025-01-28","NA"
854,1564,19,"2025-01-22","B "
855,1987,92,"2025-02-16","B "
856,701,8,"2025-01-28","A "
857,353,143,"2025-04-12","D "
858,1454,30,"2025-04-21","A "
859,624,37,"2025-02-21","A "
860,59,75,"2025-04-13","D "
861,1525,113,"2025-03-26","NA"
862,1669,50,"2025-01-17","NA"
863,243,162,"2025-03-23","A "
864,456,150,"2025-03-29","C "
865,264,196,"2025-06-04","A "
866,1755,93,"2025-05-05","F "
867,1422,12,"2025-02-24","C "
868,292,8,"2025-06-29","B "
869,1410,51,"2025-05-02","NA"
870,465,51,"2025-01-30","F "
871,630,73,"2025-03-13","NA"
872,257,45,"2025-04-27","A "
873,430,57,"2025-01-10","C "
874,267,68,"2025-05-20","NA"
875,161,185,"2025-02-09","C "
876,871,45,"2025-05-01","NA"
877,1415,87,"2025-02-07","B "
878,1563,142,"2025-06-13","F "
879,1606,63,"2025-02-24","NA"
880,229,46,"2025-03-23","C "
881,160,51,"2025-05-26","F "
882,39,6,"2025-01-09","A "
883,1587,46,"2025-06-03","NA"
884,992,68,"2025-04-08","D "
885,1552,26,"2025-01-16","D "
886,884,6,"2025-04-03","NA"
887,88,174,"2025-04-21","NA"
888,403,36,"2025-05-02","A "
889,221,98,"2025-02-24","A "
890,68,168,"2025-01-14","B "
891,1625,29,"2025-02-24","F "
892,1352,87,"2025-01-06","B "
893,1052,54,"2025-06-25","NA"
894,1215,79,"2025-04-19","C "
895,122,117,"2025-03-11","A "
896,961,62,"2025-03-06","B "
897,244,95,"2025-06-12","D "
898,1861,96,"2025-02-15","A "
899,519,170,"2025-01-22","C "
900,89,44,"2025-02-06","F "
901,136,135,"2025-01-18","B "
902,618,160,"2025-03-12","NA"
903,1368,112,"2025-04-14","F "
904,22,183,"2025-01-21","D "
905,1546,17,"2025-03-18","B "
906,198,31,"2025-04-26","NA"
907,1603,37,"2025-04-18","NA"
908,254,34,"2025-05-15","A "
909,1885,49,"2025-02-24","C "
910,1233,50,"2025-06-21","C "
911,421,137,"2025-03-08","F "
912,1204,97,"2025-02-17","C "
913,1846,178,"2025-01-14","A "
914,410,96,"2025-01-24","C "
915,379,82,"2025-04-20","D "
916,1374,154,"2025-03-29","F "
917,720,110,"2025-03-18","NA"
918,60,163,"2025-02-12","A "
919,186,63,"2025-02-20","F "
920,299,12,"2025-03-31","D "
921,1733,196,"2025-04-18","A "
922,1529,158,"2025-05-04","A "
923,1929,151,"2025-05-02","A "
924,569,49,"2025-05-18","B "
925,1944,138,"2025-06-26","NA"
926,1188,76,"2025-02-11","A "
927,713,39,"2025-06-28","B "
928,722,84,"2025-04-22","C "
929,329,64,"2025-04-01","F "
930,1752,14,"2025-06-27","NA"
931,1026,162,"2025-05-27","A "
932,1600,72,"2025-04-10","B "
933,1493,33,"2025-01-03","A "
934,1256,131,"2025-05-24","B "
935,496,150,"2025-06-02","NA"
936,1035,126,"2025-02-20","C "
937,1168,54,"2025-01-20","D "
938,140,187,"2025-06-20","A "
939,203,21,"2025-05-29","NA"
940,1679,121,"2025-06-07","B "
941,1185,170,"2025-02-07","C "
942,1564,158,"2025-03-24","NA"
943,29,17,"2025-06-20","NA"
944,1084,43,"2025-03-23","B "
945,445,131,"2025-01-04","NA"
946,1466,100,"2025-02-08","NA"
947,393,193,"2025-04-28","B "
948,1975,166,"2025-02-07","C "
949,578,193,"2025-05-08","A "
950,352,131,"2025-03-23","D "
951,1847,96,"2025-01-30","NA"
952,1545,128,"2025-06-22","C "
953,1101,133,"2025-04-15","B "
954,9,119,"2025-03-09","C "
955,1994,46,"2025-05-14","B "
956,1486,83,"2025-01-01","F "
957,203,183,"2025-04-26","C "
958,1893,96,"2025-02-02","D "
959,439,135,"2025-06-12","B "
960,1886,178,"2025-04-26","B "
961,1033,124,"2025-06-13","C "
962,1744,184,"2025-05-29","B "
963,1450,127,"2025-01-25","B "
964,973,122,"2025-01-10","C "
965,751,69,"2025-02-25","C "
966,1430,149,"2025-02-18","NA"
967,1208,103,"2025-04-18","D "
968,380,164,"2025-06-28","C "
969,901,150,"2025-05-20","A "
970,1380,167,"2025-02-12","D "
971,1962,10,"2025-06-03","C "
972,220,54,"2025-04-07","F "
973,371,57,"2025-02-25","C "
974,1710,52,"2025-03-31","C "
975,727,116,"2025-02-23","NA"
976,778,61,"2025-02-18","F "
977,869,102,"2025-06-23","D "
978,439,56,"2025-05-28","NA"
979,1054,79,"2025-01-04","NA"
980,467,109,"2025-04-05","B "
981,835,97,"2025-04-04","A "
982,232,147,"2025-01-05","F "
983,1560,41,"2025-03-19","D "
984,644,96,"2025-03-20","B "
985,254,66,"2025-05-09","F "
986,955,141,"2025-02-01","F "
987,226,22,"2025-06-29","B "
988,1065,35,"2025-05-08","NA"
989,279,193,"2025-06-16","D "
990,1016,22,"2025-04-27","C "
991,1562,76,"2025-04-16","NA"
992,740,114,"2025-04-16","NA"
993,1444,133,"2025-04-01","C "
994,591,91,"2025-04-01","B "
995,1142,59,"2025-05-19","C "
996,1479,150,"2025-04-20","NA"
997,84,11,"2025-05-14","F "
998,169,120,"2025-03-27","F "
999,672,132,"2025-01-30","NA"
1000,1012,160,"2025-02-15","C "
1001,237,87,"2025-04-28","A "
1002,789,110,"2025-04-20","F "
1003,581,116,"2025-04-06","B "
1004,936,120,"2025-02-15","C "
1005,1230,111,"2025-05-22","B "
1006,1508,105,"2025-06-02","D "
1007,639,95,"2025-02-11","C "
1008,1408,128,"2025-05-19","A "
1009,2000,82,"2025-04-22","A "
1010,1723,70,"2025-04-08","F "
1011,910,98,"2025-03-14","NA"
1012,463,7,"2025-06-18","NA"
1013,1135,46,"2025-06-26","B "
1014,835,114,"2025-06-24","D "
1015,596,60,"2025-04-22","B "
1016,1752,68,"2025-06-12","D "
1017,877,166,"2025-03-14","F "
1018,387,20,"2025-06-29","C "
1019,1755,92,"2025-06-08","C "
1020,143,22,"2025-01-26","F "
1021,1833,76,"2025-01-23","D "
1022,1723,129,"2025-01-27","NA"
1023,1644,132,"2025-01-23","F "
1024,975,140,"2025-06-16","A "
1025,1924,165,"2025-01-05","C "
1026,1391,21,"2025-06-07","NA"
1027,753,71,"2025-04-16","A "
1028,368,59,"2025-01-27","NA"
1029,27,26,"2025-05-08","C "
1030,1381,31,"2025-06-09","A "
1031,1007,19,"2025-05-20","B "
1032,1377,93,"2025-01-26","D "
1033,216,10,"2025-06-12","D "
1034,812,140,"2025-04-24","C "
1035,898,52,"2025-05-09","C "
1036,1071,86,"2025-05-29","NA"
1037,1349,51,"2025-01-09","A "
1038,1386,173,"2025-06-20","B "
1039,175,85,"2025-03-16","C "
1040,245,65,"2025-04-18","C "
1041,294,78,"2025-02-24","B "
1042,809,191,"2025-02-27","D "
1043,821,197,"2025-04-27","F "
1044,1424,175,"2025-05-22","B "
1045,1210,71,"2025-04-08","A "
1046,209,49,"2025-01-30","D "
1047,1519,181,"2025-02-20","F "
1048,1895,155,"2025-05-01","D "
1049,1828,36,"2025-02-01","F "
1050,346,193,"2025-03-31","F "
1051,133,184,"2025-04-29","NA"
1052,745,190,"2025-04-16","D "
1053,1998,140,"2025-06-15","NA"
1054,408,67,"2025-06-30","D "
1055,694,3,"2025-04-12","D "
1056,411,198,"2025-01-02","B "
1057,1219,77,"2025-04-06","C "
1058,1729,73,"2025-02-27","NA"
1059,828,89,"2025-05-10","C "
1060,252,104,"2025-03-14","F "
1061,477,104,"2025-03-10","C "
1062,1717,149,"2025-06-18","D "
1063,870,194,"2025-03-09","NA"
1064,1486,168,"2025-03-20","D "
1065,1023,4,"2025-04-17","C "
1066,571,121,"2025-06-22","A "
1067,1567,168,"2025-03-03","B "
1068,1462,132,"2025-01-02","F "
1069,1569,195,"2025-04-17","A "
1070,1192,39,"2025-01-09","D "
1071,1216,102,"2025-01-04","D "
1072,560,59,"2025-01-07","C "
1073,1549,59,"2025-02-09","F "
1074,1617,186,"2025-04-06","D "
1075,1641,192,"2025-05-13","F "
1076,1319,54,"2025-06-03","A "
1077,1932,122,"2025-03-23","B "
1078,820,60,"2025-03-27","F "
1079,730,133,"2025-02-13","B "
1080,975,151,"2025-05-27","C "
1081,1366,142,"2025-04-21","F "
1082,1236,194,"2025-03-03","NA"
1083,1946,120,"2025-05-23","F "
1084,829,185,"2025-04-11","B "
1085,993,119,"2025-02-19","F "
1086,1048,88,"2025-06-07","B "
1087,572,22,"2025-06-14","B "
1088,302,81,"2025-04-11","NA"
1089,1573,49,"2025-01-14","C "
1090,932,110,"2025-05-28","A "
1091,222,198,"2025-04-20","A "
1092,251,179,"2025-02-02","C "
1093,514,107,"2025-06-12","B "
1094,1003,54,"2025-04-10","C "
1095,1019,113,"2025-02-14","D "
1096,473,116,"2025-04-14","D "
1097,1287,143,"2025-03-23","B "
1098,1931,8,"2025-05-13","D "
1099,276,96,"2025-02-10","A "
1100,61,36,"2025-04-22","NA"
1101,204,148,"2025-03-01","B "
1102,1512,33,"2025-01-26","B "
1103,109,79,"2025-02-02","B "
1104,1701,189,"2025-05-10","C "
1105,140,3,"2025-01-31","C "
1106,1021,128,"2025-06-11","A "
1107,1389,169,"2025-05-28","B "
1108,55,91,"2025-04-11","B "
1109,1991,87,"2025-06-10","B "
1110,367,58,"2025-03-08","D "
1111,784,108,"2025-05-22","A "
1112,1239,109,"2025-02-10","NA"
1113,1392,176,"2025-03-24","B "
1114,670,193,"2025-02-22","B "
1115,313,104,"2025-01-24","NA"
1116,621,196,"2025-01-24","F "
1117,1274,200,"2025-01-07","C "
1118,1277,177,"2025-04-22","A "
1119,198,138,"2025-01-03","D "
1120,1557,77,"2025-06-10","B "
1121,157,84,"2025-06-01","C "
1122,1354,151,"2025-02-09","A "
1123,1540,6,"2025-01-08","D "
1124,1065,146,"2025-06-08","F "
1125,1572,9,"2025-05-20","NA"
1126,1009,36,"2025-01-21","D "
1127,1624,40,"2025-05-27","NA"
1128,955,85,"2025-04-08","B "
1129,414,146,"2025-01-07","D "
1130,602,162,"2025-02-03","NA"
1131,1356,155,"2025-04-27","D "
1132,1020,156,"2025-06-12","D "
1133,1005,147,"2025-06-11","NA"
1134,1034,101,"2025-04-02","B "
1135,536,98,"2025-02-17","A "
1136,1111,53,"2025-03-03","D "
1137,704,101,"2025-06-17","B "
1138,1658,17,"2025-02-26","C "
1139,1761,137,"2025-03-18","B "
1140,1108,99,"2025-02-19","D "
1141,1120,49,"2025-05-18","C "
1142,37,122,"2025-03-04","C "
1143,1951,28,"2025-04-07","NA"
1144,1565,85,"2025-03-08","NA"
1145,65,146,"2025-06-18","D "
1146,882,116,"2025-01-14","F "
1147,1803,164,"2025-03-12","D "
1148,1874,78,"2025-01-22","F "
1149,244,24,"2025-02-06","A "
1150,786,44,"2025-06-10","C "
1151,922,27,"2025-01-06","D "
1152,645,173,"2025-06-13","NA"
1153,1747,142,"2025-05-29","NA"
1154,771,46,"2025-01-27","F "
1155,907,9,"2025-01-29","A "
1156,942,177,"2025-04-28","B "
1157,74,155,"2025-06-02","F "
1158,68,126,"2025-02-01","B "
1159,363,7,"2025-01-28","B "
1160,1141,48,"2025-02-06","C "
1161,1351,51,"2025-03-14","C "
1162,1763,18,"2025-03-09","C "
1163,1597,99,"2025-02-16","F "
1164,621,73,"2025-01-24","A "
1165,1812,53,"2025-01-20","F "
1166,1447,60,"2025-05-07","F "
1167,337,75,"2025-04-03","D "
1168,1007,169,"2025-02-23","A "
1169,883,135,"2025-04-11","NA"
1170,276,18,"2025-01-26","B "
1171,640,117,"2025-05-06","B "
1172,1466,15,"2025-01-06","D "
1173,797,95,"2025-04-16","B "
1174,999,133,"2025-01-19","A "
1175,1565,3,"2025-05-05","B "
1176,225,44,"2025-06-10","C "
1177,1166,84,"2025-01-20","D "
1178,1383,106,"2025-02-23","A "
1179,1005,101,"2025-06-25","C "
1180,1352,41,"2025-04-18","D "
1181,1135,29,"2025-04-07","NA"
1182,1404,34,"2025-03-22","B "
1183,1105,138,"2025-06-12","D "
1184,1172,108,"2025-04-26","B "
1185,963,123,"2025-02-11","C "
1186,975,191,"2025-02-16","C "
1187,1152,18,"2025-03-18","D "
1188,1750,100,"2025-01-03","NA"
1189,321,53,"2025-02-15","D "
1190,1038,34,"2025-06-18","A "
1191,115,53,"2025-05-26","C "
1192,802,80,"2025-06-11","D "
1193,540,111,"2025-06-05","B "
1194,1014,182,"2025-01-09","B "
1195,1211,171,"2025-01-31","D "
1196,1989,122,"2025-03-29","NA"
1197,774,41,"2025-03-30","F "
1198,1264,155,"2025-05-04","A "
1199,1386,148,"2025-06-07","D "
1200,723,80,"2025-06-03","A "
1201,1570,151,"2025-05-20","C "
1202,583,52,"2025-01-02","NA"
1203,657,129,"2025-02-10","NA"
1204,126,184,"2025-05-14","A "
1205,58,176,"2025-03-07","NA"
1206,1210,118,"2025-02-01","D "
1207,93,71,"2025-02-19","A "
1208,263,52,"2025-06-05","B "
1209,1715,2,"2025-01-08","C "
1210,751,37,"2025-05-18","B "
1211,715,115,"2025-01-06","F "
1212,1658,17,"2025-05-13","F "
1213,1520,103,"2025-05-12","D "
1214,1196,155,"2025-02-09","NA"
1215,56,64,"2025-02-25","D "
1216,1568,135,"2025-04-04","A "
1217,1826,85,"2025-01-30","D "
1218,1281,146,"2025-02-25","NA"
1219,699,126,"2025-01-08","NA"
1220,780,118,"2025-03-25","D "
1221,200,119,"2025-02-05","D "
1222,877,148,"2025-02-26","A "
1223,707,11,"2025-01-22","C "
1224,732,189,"2025-06-27","D "
1225,844,24,"2025-02-02","C "
1226,720,74,"2025-03-10","NA"
1227,116,166,"2025-03-12","NA"
1228,1355,117,"2025-05-04","A "
1229,501,89,"2025-02-21","F "
1230,508,180,"2025-01-24","D "
1231,481,183,"2025-03-31","F "
1232,1328,77,"2025-05-22","C "
1233,640,101,"2025-06-16","D "
1234,1214,157,"2025-03-17","NA"
1235,174,45,"2025-04-30","C "
1236,1865,107,"2025-05-07","F "
1237,1410,64,"2025-04-22","C "
1238,135,46,"2025-05-12","A "
1239,1780,159,"2025-04-13","B "
1240,625,188,"2025-02-19","D "
1241,235,111,"2025-03-06","F "
1242,692,118,"2025-02-14","D "
1243,348,99,"2025-02-20","NA"
1244,41,169,"2025-06-25","A "
1245,1103,47,"2025-03-13","B "
1246,668,179,"2025-04-11","A "
1247,77,146,"2025-01-27","C "
1248,944,25,"2025-05-30","NA"
1249,1348,101,"2025-05-31","F "
1250,1769,179,"2025-03-21","C "
1251,866,12,"2025-02-12","B "
1252,1164,62,"2025-02-22","F "
1253,1055,41,"2025-05-05","F "
1254,1847,71,"2025-04-21","NA"
1255,863,161,"2025-04-25","D "
1256,547,138,"2025-04-19","D "
1257,42,75,"2025-06-02","A "
1258,1426,171,"2025-03-11","D "
1259,962,18,"2025-03-23","C "
1260,1205,179,"2025-06-09","A "
1261,46,186,"2025-01-28","A "
1262,649,185,"2025-06-05","D "
1263,774,56,"2025-04-09","D "
1264,1169,127,"2025-04-20","C "
1265,800,106,"2025-02-21","A "
1266,661,196,"2025-05-26","F "
1267,1173,142,"2025-04-01","NA"
1268,201,32,"2025-04-06","C "
1269,1656,95,"2025-06-11","C "
1270,1001,20,"2025-01-17","D "
1271,205,194,"2025-04-26","C "
1272,1415,27,"2025-02-12","NA"
1273,1383,130,"2025-01-09","C "
1274,422,197,"2025-05-11","A "
1275,689,200,"2025-03-06","F "
1276,1018,84,"2025-05-31","C "
1277,1030,105,"2025-04-15","B "
1278,1662,116,"2025-03-17","C "
1279,1567,43,"2025-06-04","C "
1280,1367,65,"2025-06-15","D "
1281,696,54,"2025-05-16","A "
1282,342,130,"2025-04-01","D "
1283,1260,12,"2025-04-12","C "
1284,614,119,"2025-01-08","C "
1285,745,7,"2025-01-30","NA"
1286,1986,19,"2025-02-16","A "
1287,893,164,"2025-03-24","F "
1288,414,178,"2025-04-20","A "
1289,1018,173,"2025-02-17","C "
1290,1302,192,"2025-04-02","NA"
1291,1736,119,"2025-03-04","A "
1292,1995,98,"2025-01-19","F "
1293,1613,88,"2025-02-25","NA"
1294,155,191,"2025-06-18","D "
1295,1722,103,"2025-04-06","B "
1296,1742,50,"2025-04-06","B "
1297,1098,102,"2025-02-07","A "
1298,439,10,"2025-03-22","F "
1299,589,3,"2025-02-01","A "
1300,544,65,"2025-01-03","B "
1301,98,30,"2025-03-23","NA"
1302,609,182,"2025-06-26","B "
1303,1175,35,"2025-01-03","NA"
1304,824,84,"2025-03-26","D "
1305,1648,172,"2025-02-24","D "
1306,463,192,"2025-04-30","C "
1307,1280,119,"2025-05-26","C "
1308,1522,125,"2025-03-24","D "
1309,1962,119,"2025-03-01","NA"
1310,189,18,"2025-05-24","F "
1311,1470,22,"2025-01-17","B "
1312,1729,141,"2025-04-09","NA"
1313,1185,169,"2025-03-14","F "
1314,195,63,"2025-06-04","F "
1315,1213,183,"2025-02-24","D "
1316,690,113,"2025-05-15","A "
1317,560,36,"2025-02-25","A "
1318,138,121,"2025-01-27","C "
1319,1161,72,"2025-05-24","C "
1320,1641,42,"2025-03-13","A "
1321,1088,44,"2025-06-05","B "
1322,974,5,"2025-06-21","F "
1323,875,156,"2025-01-20","NA"
1324,430,26,"2025-05-27","NA"
1325,712,46,"2025-06-15","A "
1326,1630,76,"2025-04-18","D "
1327,158,32,"2025-06-24","F "
1328,1335,137,"2025-04-22","NA"
1329,1688,190,"2025-03-23","A "
1330,619,101,"2025-03-23","C "
1331,1034,44,"2025-02-20","NA"
1332,1647,20,"2025-02-20","NA"
1333,615,172,"2025-01-13","C "
1334,887,196,"2025-05-07","D "
1335,1359,3,"2025-05-08","D "
1336,1106,174,"2025-01-12","A "
1337,642,70,"2025-03-12","B "
1338,410,40,"2025-04-18","NA"
1339,849,113,"2025-01-31","C "
1340,824,92,"2025-02-01","NA"
1341,515,46,"2025-04-26","NA"
1342,1280,56,"2025-02-13","NA"
1343,1056,183,"2025-06-03","A "
1344,929,9,"2025-03-25","D "
1345,1376,173,"2025-06-01","A "
1346,1564,137,"2025-04-09","B "
1347,1122,56,"2025-03-02","F "
1348,370,114,"2025-05-28","C "
1349,1805,179,"2025-01-06","C "
1350,39,13,"2025-03-14","F "
1351,1286,163,"2025-01-05","F "
1352,1441,134,"2025-06-14","F "
1353,1058,165,"2025-05-28","B "
1354,1767,170,"2025-01-02","NA"
1355,383,184,"2025-04-29","A "
1356,1182,169,"2025-03-14","C "
1357,1023,27,"2025-02-03","F "
1358,437,100,"2025-04-14","D "
1359,1354,177,"2025-01-10","B "
1360,1971,79,"2025-05-17","D "
1361,1688,114,"2025-05-16","C "
1362,1521,14,"2025-01-11","NA"
1363,1922,154,"2025-03-28","NA"
1364,958,2,"2025-06-15","B "
1365,549,13,"2025-01-05","C "
1366,1920,198,"2025-01-18","F "
1367,1307,97,"2025-05-01","NA"
1368,1092,197,"2025-01-25","A "
1369,1657,52,"2025-04-17","F "
1370,1259,64,"2025-03-19","D "
1371,1747,96,"2025-03-12","B "
1372,1576,62,"2025-03-23","NA"
1373,1858,52,"2025-03-30","C "
1374,889,24,"2025-04-13","C "
1375,1915,5,"2025-01-21","A "
1376,1160,108,"2025-05-23","D "
1377,1489,8,"2025-03-22","B "
1378,1284,4,"2025-05-07","A "
1379,123,87,"2025-06-06","D "
1380,1070,50,"2025-01-13","NA"
1381,411,175,"2025-04-11","B "
1382,747,172,"2025-03-18","C "
1383,948,17,"2025-06-28","C "
1384,303,57,"2025-04-27","D "
1385,493,25,"2025-05-07","F "
1386,309,171,"2025-06-14","NA"
1387,1529,43,"2025-02-01","C "
1388,1404,186,"2025-04-06","A "
1389,1568,43,"2025-06-08","B "
1390,615,12,"2025-01-27","B "
1391,1729,107,"2025-01-08","A "
1392,892,132,"2025-02-27","NA"
1393,841,28,"2025-01-13","C "
1394,653,84,"2025-01-03","B "
1395,1762,83,"2025-02-05","A "
1396,1701,144,"2025-01-27","F "
1397,1867,161,"2025-03-24","C "
1398,132,49,"2025-06-26","NA"
1399,1299,160,"2025-04-22","NA"
1400,417,54,"2025-02-27","F "
1401,1733,139,"2025-02-13","D "
1402,845,102,"2025-01-23","F "
1403,547,110,"2025-02-18","D "
1404,1687,31,"2025-04-05","NA"
1405,588,60,"2025-05-18","F "
1406,1324,55,"2025-01-02","C "
1407,329,28,"2025-06-26","F "
1408,526,92,"2025-01-14","D "
1409,1407,83,"2025-03-08","D "
1410,1232,45,"2025-01-12","F "
1411,484,4,"2025-01-29","A "
1412,832,103,"2025-01-13","C "
1413,489,168,"2025-03-19","C "
1414,233,81,"2025-01-20","C "
1415,308,4,"2025-03-09","C "
1416,394,100,"2025-03-26","D "
1417,57,55,"2025-06-26","B "
1418,503,118,"2025-06-06","D "
1419,1633,57,"2025-04-08","NA"
1420,1695,17,"2025-03-11","D "
1421,636,169,"2025-06-28","B "
1422,951,72,"2025-02-13","F "
1423,995,167,"2025-02-05","NA"
1424,1147,160,"2025-05-30","B "
1425,894,95,"2025-04-28","NA"
1426,865,12,"2025-01-31","D "
1427,1325,18,"2025-02-02","C "
1428,1855,56,"2025-03-23","D "
1429,76,106,"2025-02-07","A "
1430,414,78,"2025-05-30","NA"
1431,327,197,"2025-04-16","F "
1432,559,154,"2025-06-13","A "
1433,280,128,"2025-04-25","NA"
1434,60,27,"2025-06-21","D "
1435,530,183,"2025-02-01","F "
1436,1618,138,"2025-05-14","C "
1437,1646,146,"2025-05-16","A "
1438,569,44,"2025-03-03","B "
1439,1349,65,"2025-05-28","NA"
1440,1128,25,"2025-05-03","F "
1441,361,154,"2025-06-19","C "
1442,1320,84,"2025-05-06","C "
1443,1746,162,"2025-03-13","C "
1444,87,179,"2025-03-24","C "
1445,1974,100,"2025-05-04","D "
1446,1480,174,"2025-02-27","NA"
1447,996,198,"2025-01-24","D "
1448,1603,178,"2025-03-09","A "
1449,41,35,"2025-03-17","B "
1450,114,86,"2025-01-22","F "
1451,1761,45,"2025-04-01","F "
1452,1837,163,"2025-05-23","B "
1453,172,195,"2025-03-04","F "
1454,643,177,"2025-06-18","C "
1455,1233,82,"2025-06-15","F "
1456,611,171,"2025-02-22","D "
1457,1776,124,"2025-06-27","D "
1458,131,18,"2025-01-20","A "
1459,1845,86,"2025-01-20","C "
1460,1957,5,"2025-05-07","F "
1461,834,156,"2025-01-16","NA"
1462,1837,150,"2025-02-24","D "
1463,745,115,"2025-01-04","B "
1464,1376,98,"2025-06-21","D "
1465,1347,131,"2025-02-25","F "
1466,1814,164,"2025-04-30","B "
1467,185,190,"2025-04-09","D "
1468,813,60,"2025-02-18","F "
1469,1932,129,"2025-05-05","A "
1470,1720,151,"2025-01-27","A "
1471,1484,181,"2025-03-29","D "
1472,1726,4,"2025-02-23","B "
1473,288,60,"2025-06-01","B "
1474,484,6,"2025-05-16","A "
1475,230,158,"2025-05-12","F "
1476,1170,195,"2025-03-22","C "
1477,1505,32,"2025-03-21","B "
1478,1025,80,"2025-04-27","B "
1479,1911,61,"2025-06-17","NA"
1480,248,189,"2025-02-09","D "
1481,1069,110,"2025-05-10","F "
1482,1361,194,"2025-01-28","D "
1483,1698,63,"2025-02-03","C "
1484,1189,159,"2025-02-26","B "
1485,1945,21,"2025-04-04","D "
1486,1588,16,"2025-04-09","F "
1487,1908,36,"2025-04-26","C "
1488,1076,96,"2025-06-08","C "
1489,516,128,"2025-05-12","C "
1490,1017,76,"2025-02-21","NA"
1491,1812,52,"2025-04-13","A "
1492,185,39,"2025-02-18","NA"
1493,488,97,"2025-01-18","NA"
1494,1229,53,"2025-03-13","NA"
1495,251,165,"2025-04-19","NA"
1496,1584,10,"2025-02-12","C "
1497,1653,61,"2025-06-25","F "
1498,642,186,"2025-03-20","F "
1499,675,154,"2025-05-28","F "
1500,1705,114,"2025-06-15","D "
1501,1197,190,"2025-01-27","B "
1502,1510,85,"2025-02-07","D "
1503,799,35,"2025-04-29","D "
1504,1651,72,"2025-01-28","D "
1505,1533,82,"2025-01-29","C "
1506,1524,165,"2025-03-03","D "
1507,484,195,"2025-01-05","B "
1508,1916,11,"2025-04-28","B "
1509,867,134,"2025-02-17","D "
1510,447,107,"2025-03-10","C "
1511,296,166,"2025-01-08","A "
1512,219,74,"2025-05-02","F "
1513,359,193,"2025-06-19","C "
1514,439,7,"2025-05-16","D "
1515,1987,59,"2025-04-26","NA"
1516,563,188,"2025-04-01","B "
1517,901,85,"2025-03-09","NA"
1518,837,88,"2025-01-31","A "
1519,521,63,"2025-05-21","D "
1520,1768,53,"2025-01-22","F "
1521,1208,139,"2025-04-01","NA"
1522,115,14,"2025-04-21","D "
1523,1005,171,"2025-02-24","D "
1524,1093,64,"2025-02-08","D "
1525,768,176,"2025-04-12","B "
1526,1433,179,"2025-05-09","NA"
1527,1943,185,"2025-04-21","A "
1528,232,57,"2025-05-11","F "
1529,649,156,"2025-03-27","B "
1530,1118,98,"2025-01-14","B "
1531,868,134,"2025-04-23","F "
1532,973,83,"2025-03-11","F "
1533,1399,47,"2025-04-05","F "
1534,505,114,"2025-01-26","A "
1535,1973,162,"2025-01-13","F "
1536,569,2,"2025-06-16","F "
1537,1802,17,"2025-04-08","NA"
1538,1607,126,"2025-04-19","D "
1539,1919,18,"2025-02-19","A "
1540,297,50,"2025-03-17","C "
1541,744,14,"2025-02-18","F "
1542,974,163,"2025-04-14","B "
1543,1466,37,"2025-02-15","B "
1544,754,53,"2025-06-02","F "
1545,1683,33,"2025-03-12","NA"
1546,632,24,"2025-05-16","D "
1547,44,45,"2025-06-05","NA"
1548,1322,152,"2025-05-07","A "
1549,1981,141,"2025-05-13","C "
1550,1854,53,"2025-04-21","A "
1551,1241,61,"2025-01-28","NA"
1552,72,130,"2025-06-24","F "
1553,1724,21,"2025-01-13","NA"
1554,1515,110,"2025-06-15","D "
1555,1357,186,"2025-03-05","F "
1556,1637,120,"2025-01-29","F "
1557,1927,80,"2025-02-26","B "
1558,112,43,"2025-01-30","B "
1559,1415,185,"2025-01-14","D "
1560,1879,51,"2025-01-10","C "
1561,1616,63,"2025-05-28","NA"
1562,1376,109,"2025-03-10","B "
1563,491,46,"2025-03-03","B "
1564,519,156,"2025-01-17","D "
1565,1132,64,"2025-05-17","NA"
1566,788,78,"2025-01-26","B "
1567,634,74,"2025-03-12","C "
1568,1309,148,"2025-02-27","B "
1569,1963,115,"2025-06-08","C "
1570,1435,163,"2025-06-29","A "
1571,744,52,"2025-04-14","A "
1572,1850,70,"2025-04-11","B "
1573,1664,124,"2025-04-11","F "
1574,1404,21,"2025-01-26","D "
1575,250,93,"2025-02-26","D "
1576,1096,102,"2025-06-27","B "
1577,1776,97,"2025-03-10","NA"
1578,485,43,"2025-05-07","F "
1579,1757,121,"2025-02-22","D "
1580,907,113,"2025-02-13","B "
1581,796,109,"2025-02-22","B "
1582,17,130,"2025-03-30","D "
1583,1864,157,"2025-06-13","F "
1584,1968,189,"2025-03-15","NA"
1585,805,111,"2025-06-30","A "
1586,1900,195,"2025-06-02","F "
1587,1880,40,"2025-03-15","C "
1588,524,124,"2025-01-01","B "
1589,617,6,"2025-01-25","B "
1590,185,196,"2025-02-17","D "
1591,1918,98,"2025-05-09","NA"
1592,1685,110,"2025-06-29","A "
1593,1550,22,"2025-06-09","A "
1594,483,195,"2025-05-03","NA"
1595,610,77,"2025-03-20","A "
1596,431,153,"2025-06-26","NA"
1597,1761,138,"2025-03-03","NA"
1598,1824,40,"2025-02-13","D "
1599,329,142,"2025-03-22","F "
1600,1876,187,"2025-06-24","D "
1601,899,45,"2025-01-18","D "
1602,1294,66,"2025-02-12","A "
1603,650,98,"2025-02-17","D "
1604,1802,119,"2025-03-27","C "
1605,1664,79,"2025-04-27","NA"
1606,1571,117,"2025-02-06","F "
1607,1320,73,"2025-01-04","A "
1608,833,97,"2025-06-20","NA"
1609,1617,144,"2025-05-02","F "
1610,70,156,"2025-04-20","NA"
1611,562,124,"2025-03-27","F "
1612,1775,19,"2025-01-06","NA"
1613,165,86,"2025-02-15","A "
1614,1686,35,"2025-03-09","D "
1615,1597,184,"2025-01-20","D "
1616,1927,121,"2025-02-13","NA"
1617,1007,51,"2025-06-23","A "
1618,965,40,"2025-01-03","C "
1619,1510,49,"2025-06-02","D "
1620,846,2,"2025-04-01","NA"
1621,1898,4,"2025-05-02","A "
1622,1723,129,"2025-05-30","C "
1623,682,187,"2025-01-01","D "
1624,1470,186,"2025-05-06","NA"
1625,866,96,"2025-03-05","F "
1626,1796,126,"2025-05-01","NA"
1627,1882,104,"2025-01-29","NA"
1628,1680,107,"2025-01-12","D "
1629,206,102,"2025-01-05","D "
1630,1689,191,"2025-05-26","A "
1631,329,96,"2025-06-24","A "
1632,1431,99,"2025-03-16","B "
1633,535,126,"2025-02-28","C "
1634,1037,79,"2025-05-15","F "
1635,136,165,"2025-05-09","A "
1636,721,151,"2025-02-12","NA"
1637,862,19,"2025-02-07","B "
1638,1234,105,"2025-01-25","C "
1639,1494,10,"2025-01-26","D "
1640,1666,32,"2025-03-19","NA"
1641,1122,99,"2025-03-27","C "
1642,1511,145,"2025-04-26","B "
1643,670,42,"2025-05-06","B "
1644,929,50,"2025-03-31","D "
1645,1424,196,"2025-05-20","B "
1646,57,112,"2025-03-07","C "
1647,1561,66,"2025-06-19","A "
1648,107,198,"2025-05-05","C "
1649,1314,193,"2025-03-06","NA"
1650,1314,185,"2025-04-04","NA"
1651,377,90,"2025-04-28","A "
1652,1291,131,"2025-01-04","D "
1653,909,182,"2025-04-01","NA"
1654,1621,126,"2025-03-19","D "
1655,1313,163,"2025-03-27","B "
1656,279,177,"2025-05-13","C "
1657,7,95,"2025-06-19","C "
1658,821,179,"2025-06-02","C "
1659,410,15,"2025-05-04","NA"
1660,1287,167,"2025-01-29","D "
1661,626,99,"2025-03-11","C "
1662,643,109,"2025-06-25","D "
1663,1180,189,"2025-05-13","NA"
1664,169,64,"2025-06-13","C "
1665,227,63,"2025-01-06","F "
1666,324,123,"2025-02-07","C "
1667,512,9,"2025-04-16","F "
1668,1058,93,"2025-02-26","A "
1669,1462,162,"2025-06-18","B "
1670,1986,181,"2025-02-06","B "
1671,1573,174,"2025-04-02","F "
1672,1702,8,"2025-05-08","C "
1673,1330,179,"2025-01-08","A "
1674,1563,171,"2025-03-04","B "
1675,267,166,"2025-05-28","C "
1676,1735,38,"2025-06-28","F "
1677,1217,67,"2025-04-21","C "
1678,1405,155,"2025-04-03","NA"
1679,841,117,"2025-02-22","C "
1680,1624,175,"2025-01-23","C "
1681,1924,38,"2025-02-19","NA"
1682,655,66,"2025-04-07","B "
1683,925,64,"2025-06-13","F "
1684,980,155,"2025-01-28","NA"
1685,1789,149,"2025-03-12","C "
1686,1506,170,"2025-06-10","D "
1687,274,42,"2025-06-23","NA"
1688,534,4,"2025-05-20","D "
1689,356,30,"2025-04-26","NA"
1690,1408,198,"2025-05-15","C "
1691,1215,24,"2025-02-14","B "
1692,1694,165,"2025-03-09","NA"
1693,671,183,"2025-06-23","NA"
1694,1638,99,"2025-03-31","B "
1695,578,102,"2025-03-26","B "
1696,407,181,"2025-04-11","F "
1697,173,151,"2025-05-31","C "
1698,849,21,"2025-04-17","D "
1699,753,133,"2025-03-12","C "
1700,373,49,"2025-03-21","NA"
1701,806,109,"2025-02-18","B "
1702,1795,43,"2025-01-11","A "
1703,773,110,"2025-05-29","B "
1704,1935,65,"2025-05-14","F "
1705,1710,178,"2025-06-29","C "
1706,1812,78,"2025-03-29","B "
1707,1169,129,"2025-06-06","F "
1708,460,137,"2025-02-01","A "
1709,43,169,"2025-04-21","C "
1710,1942,98,"2025-04-27","C "
1711,48,151,"2025-05-26","NA"
1712,1891,79,"2025-03-30","F "
1713,1144,188,"2025-03-15","NA"
1714,1326,106,"2025-01-29","F "
1715,1254,193,"2025-01-03","D "
1716,1284,187,"2025-05-08","D "
1717,469,23,"2025-06-25","F "
1718,1858,28,"2025-02-07","B "
1719,183,163,"2025-04-30","C "
1720,1996,147,"2025-06-24","NA"
1721,948,199,"2025-02-08","B "
1722,407,89,"2025-05-14","F "
1723,537,37,"2025-03-16","F "
1724,1437,69,"2025-06-09","C "
1725,1745,192,"2025-05-23","F "
1726,346,54,"2025-06-20","C "
1727,102,192,"2025-02-11","D "
1728,822,102,"2025-03-19","D "
1729,1266,179,"2025-05-05","NA"
1730,879,79,"2025-03-15","B "
1731,1230,2,"2025-01-17","F "
1732,533,44,"2025-03-17","D "
1733,306,126,"2025-01-04","B "
1734,183,1,"2025-04-27","D "
1735,1963,25,"2025-01-11","D "
1736,754,18,"2025-02-25","A "
1737,349,199,"2025-03-14","NA"
1738,1940,179,"2025-06-01","A "
1739,1162,107,"2025-02-01","C "
1740,241,135,"2025-01-14","B "
1741,29,107,"2025-05-06","C "
1742,1472,168,"2025-03-20","B "
1743,1077,74,"2025-01-02","B "
1744,892,188,"2025-04-21","B "
1745,1584,111,"2025-04-01","C "
1746,1885,44,"2025-06-19","F "
1747,1902,46,"2025-01-01","NA"
1748,930,96,"2025-01-13","A "
1749,1695,48,"2025-03-06","NA"
1750,1380,181,"2025-02-05","B "
1751,1013,35,"2025-03-31","C "
1752,243,51,"2025-03-14","D "
1753,460,125,"2025-05-09","D "
1754,1462,47,"2025-06-20","F "
1755,417,129,"2025-05-24","NA"
1756,391,29,"2025-02-09","A "
1757,1938,116,"2025-01-23","NA"
1758,1766,146,"2025-03-11","F "
1759,1666,55,"2025-02-06","B "
1760,1602,48,"2025-02-20","NA"
1761,546,52,"2025-04-21","B "
1762,590,16,"2025-05-30","C "
1763,1529,192,"2025-01-21","NA"
1764,1013,47,"2025-03-16","A "
1765,783,195,"2025-02-26","D "
1766,267,50,"2025-01-09","NA"
1767,884,67,"2025-05-02","A "
1768,1754,105,"2025-04-01","C "
1769,424,113,"2025-03-05","F "
1770,1229,161,"2025-06-23","A "
1771,442,160,"2025-06-13","C "
1772,1688,28,"2025-04-09","F "
1773,580,163,"2025-04-19","F "
1774,1489,43,"2025-04-13","NA"
1775,1387,21,"2025-01-26","F "
1776,388,76,"2025-03-08","A "
1777,857,22,"2025-03-19","A "
1778,370,97,"2025-06-02","D "
1779,837,32,"2025-03-21","F "
1780,1623,71,"2025-02-14","F "
1781,299,17,"2025-05-25","B "
1782,59,88,"2025-04-22","B "
1783,595,8,"2025-06-23","C "
1784,2000,150,"2025-03-24","NA"
1785,537,61,"2025-05-29","B "
1786,483,123,"2025-02-05","NA"
1787,1266,125,"2025-06-24","NA"
1788,924,173,"2025-02-21","B "
1789,1859,195,"2025-03-06","B "
1790,509,26,"2025-02-04","NA"
1791,758,3,"2025-04-17","NA"
1792,1194,16,"2025-05-22","D "
1793,1402,69,"2025-02-21","B "
1794,1326,193,"2025-03-19","A "
1795,939,2,"2025-03-20","F "
1796,176,171,"2025-01-22","C "
1797,22,150,"2025-03-18","F "
1798,961,11,"2025-05-26","C "
1799,273,25,"2025-06-10","A "
1800,1785,55,"2025-04-29","NA"
1801,663,134,"2025-05-20","B "
1802,1996,2,"2025-02-16","NA"
1803,1420,97,"2025-04-07","A "
1804,815,155,"2025-04-22","B "
1805,1407,134,"2025-01-25","F "
1806,435,195,"2025-02-05","C "
1807,1461,69,"2025-05-15","A "
1808,786,125,"2025-04-24","B "
1809,1451,122,"2025-06-27","B "
1810,867,194,"2025-03-22","B "
1811,1508,87,"2025-05-09","F "
1812,1224,155,"2025-06-25","F "
1813,525,110,"2025-04-02","D "
1814,150,87,"2025-04-30","D "
1815,196,95,"2025-04-01","A "
1816,1141,175,"2025-04-20","F "
1817,121,88,"2025-04-30","A "
1818,107,81,"2025-04-18","C "
1819,682,62,"2025-04-16","NA"
1820,1907,93,"2025-04-29","A "
1821,481,171,"2025-01-08","B "
1822,965,103,"2025-05-24","D "
1823,1861,97,"2025-01-07","A "
1824,726,157,"2025-04-18","D "
1825,1242,15,"2025-01-23","A "
1826,1924,92,"2025-02-05","D "
1827,1374,85,"2025-06-07","B "
1828,1981,26,"2025-03-19","A "
1829,1644,1,"2025-03-04","F "
1830,1226,117,"2025-05-29","F "
1831,1454,179,"2025-05-12","B "
1832,1533,103,"2025-04-06","F "
1833,1659,186,"2025-02-02","D "
1834,94,36,"2025-06-08","C "
1835,11,7,"2025-05-20","F "
1836,520,155,"2025-05-25","A "
1837,1034,32,"2025-03-17","F "
1838,1270,136,"2025-01-14","D "
1839,781,72,"2025-04-11","A "
1840,620,180,"2025-02-02","NA"
1841,809,193,"2025-04-14","D "
1842,1375,64,"2025-06-21","NA"
1843,760,95,"2025-01-02","B "
1844,271,116,"2025-04-29","F "
1845,1983,159,"2025-05-13","NA"
1846,1828,176,"2025-04-28","F "
1847,1146,169,"2025-01-14","D "
1848,85,122,"2025-01-22","A "
1849,1189,132,"2025-01-15","C "
1850,368,106,"2025-03-11","D "
1851,534,170,"2025-06-16","F "
1852,348,49,"2025-01-28","C "
1853,1032,1,"2025-03-27","D "
1854,1010,164,"2025-06-02","NA"
1855,1906,83,"2025-01-25","B "
1856,695,5,"2025-03-16","C "
1857,1798,163,"2025-05-25","F "
1858,959,93,"2025-05-04","D "
1859,271,12,"2025-06-26","F "
1860,184,189,"2025-03-26","C "
1861,650,84,"2025-01-16","NA"
1862,1455,174,"2025-02-01","C "
1863,1087,114,"2025-05-30","C "
1864,887,60,"2025-06-22","F "
1865,291,156,"2025-05-11","B "
1866,534,125,"2025-01-14","C "
1867,240,103,"2025-06-29","C "
1868,642,190,"2025-02-22","NA"
1869,91,157,"2025-05-13","F "
1870,262,21,"2025-02-06","F "
1871,1023,90,"2025-05-24","C "
1872,1786,110,"2025-05-07","NA"
1873,1994,122,"2025-02-04","D "
1874,1710,169,"2025-02-27","A "
1875,576,180,"2025-06-22","B "
1876,1532,26,"2025-06-13","D "
1877,739,188,"2025-02-09","A "
1878,1897,99,"2025-03-19","C "
1879,881,76,"2025-06-10","F "
1880,580,156,"2025-03-21","D "
1881,1849,50,"2025-01-02","D "
1882,1796,183,"2025-05-05","B "
1883,540,37,"2025-06-09","B "
1884,1256,134,"2025-06-26","A "
1885,1699,147,"2025-02-21","D "
1886,1560,184,"2025-01-30","NA"
1887,1898,130,"2025-01-18","C "
1888,541,9,"2025-01-01","A "
1889,1059,33,"2025-02-09","D "
1890,642,128,"2025-06-04","C "
1891,893,23,"2025-01-31","NA"
1892,1829,78,"2025-05-14","NA"
1893,338,173,"2025-01-25","F "
1894,647,141,"2025-03-05","B "
1895,1510,120,"2025-02-22","B "
1896,1007,44,"2025-01-27","A "
1897,1565,115,"2025-05-02","B "
1898,1946,30,"2025-01-07","B "
1899,310,124,"2025-05-10","C "
1900,1139,170,"2025-04-24","F "
1901,1748,139,"2025-04-11","C "
1902,1891,62,"2025-01-15","C "
1903,1347,63,"2025-02-01","F "
1904,1304,55,"2025-03-18","D "
1905,1635,44,"2025-04-14","A "
1906,902,193,"2025-05-04","NA"
1907,109,169,"2025-02-17","C "
1908,387,180,"2025-03-02","F "
1909,305,23,"2025-05-20","B "
1910,112,28,"2025-03-08","F "
1911,471,112,"2025-06-06","NA"
1912,376,184,"2025-06-24","B "
1913,74,8,"2025-04-23","C "
1914,964,42,"2025-06-18","B "
1915,533,84,"2025-06-07","B "
1916,335,99,"2025-02-01","D "
1917,1446,197,"2025-04-21","B "
1918,957,72,"2025-02-07","B "
1919,894,57,"2025-06-12","F "
1920,238,185,"2025-01-06","NA"
1921,1834,66,"2025-02-17","B "
1922,1899,171,"2025-02-06","C "
1923,1014,122,"2025-06-18","F "
1924,84,172,"2025-03-03","D "
1925,905,32,"2025-02-13","NA"
1926,731,171,"2025-05-11","F "
1927,1453,35,"2025-06-29","D "
1928,1149,137,"2025-05-20","NA"
1929,994,163,"2025-02-21","C "
1930,938,186,"2025-05-02","B "
1931,1010,126,"2025-05-03","C "
1932,231,24,"2025-03-16","D "
1933,1733,178,"2025-03-16","C "
1934,1475,86,"2025-06-20","C "
1935,1776,58,"2025-01-26","B "
1936,304,148,"2025-05-31","C "
1937,254,197,"2025-05-07","C "
1938,716,154,"2025-04-05","NA"
1939,192,17,"2025-06-20","C "
1940,418,165,"2025-03-12","NA"
1941,1779,88,"2025-04-11","C "
1942,582,97,"2025-04-09","D "
1943,370,184,"2025-06-28","C "
1944,1710,191,"2025-01-28","D "
1945,345,189,"2025-04-29","F "
1946,1536,186,"2025-04-17","D "
1947,1042,98,"2025-04-19","D "
1948,1685,168,"2025-02-07","A "
1949,559,165,"2025-01-08","D "
1950,1154,144,"2025-03-14","A "
1951,1825,112,"2025-04-28","D "
1952,1359,60,"2025-01-31","C "
1953,1200,58,"2025-05-25","NA"
1954,435,67,"2025-04-10","B "
1955,1196,30,"2025-01-03","D "
1956,1990,75,"2025-05-29","C "
1957,9,23,"2025-03-19","A "
1958,1078,29,"2025-01-09","NA"
1959,1571,23,"2025-06-15","B "
1960,1169,88,"2025-06-16","B "
1961,370,190,"2025-06-18","NA"
1962,853,152,"2025-06-08","NA"
1963,1886,49,"2025-04-24","C "
1964,158,191,"2025-01-11","C "
1965,505,30,"2025-04-01","C "
1966,1574,147,"2025-02-05","A "
1967,1021,95,"2025-04-30","C "
1968,1387,33,"2025-04-28","D "
1969,194,81,"2025-03-12","D "
1970,1818,98,"2025-01-03","C "
1971,674,148,"2025-02-10","F "
1972,54,189,"2025-04-02","F "
1973,583,1,"2025-05-09","NA"
1974,1396,80,"2025-05-09","B "
1975,1394,16,"2025-02-23","B "
1976,250,152,"2025-03-31","F "
1977,808,138,"2025-06-30","F "
1978,766,49,"2025-05-15","D "
1979,1210,100,"2025-04-10","C "
1980,1903,109,"2025-05-12","A "
1981,1949,82,"2025-01-17","A "
1982,218,198,"2025-02-14","B "
1983,1715,94,"2025-06-17","B "
1984,663,174,"2025-02-08","C "
1985,315,33,"2025-04-01","NA"
1986,60,134,"2025-06-17","D "
1987,167,170,"2025-05-25","NA"
1988,943,155,"2025-03-28","F "
1989,1702,152,"2025-04-28","D "
1990,1450,57,"2025-02-05","A "
1991,1351,28,"2025-03-13","NA"
1992,983,102,"2025-06-18","D "
1993,930,3,"2025-03-19","NA"
1994,1287,138,"2025-04-11","NA"
1995,1957,118,"2025-01-18","D "
1996,552,81,"2025-06-15","B "
1997,1217,38,"2025-05-04","C "
1998,1348,76,"2025-04-07","F "
1999,12,57,"2025-05-01","F "
2000,675,128,"2025-06-05","D "
2001,1987,175,"2025-06-18","A "
2002,90,117,"2025-02-16","A "
2003,1344,38,"2025-05-28","A "
2004,1275,154,"2025-05-10","NA"
2005,1948,73,"2025-06-18","C "
2006,928,38,"2025-05-15","C "
2007,666,192,"2025-03-08","F "
2008,1941,171,"2025-02-03","C "
2009,1499,180,"2025-06-28","D "
2010,1504,9,"2025-03-24","C "
2011,1858,154,"2025-05-31","A "
2012,1961,82,"2025-05-29","D "
2013,1633,80,"2025-03-31","B "
2014,1166,129,"2025-05-30","NA"
2015,265,177,"2025-06-08","A "
2016,433,32,"2025-04-14","C "
2017,1768,71,"2025-01-18","NA"
2018,100,181,"2025-01-12","D "
2019,1642,147,"2025-01-08","B "
2020,1319,123,"2025-02-10","B "
2021,580,162,"2025-03-01","F "
2022,662,56,"2025-01-25","C "
2023,1635,127,"2025-06-20","F "
2024,114,75,"2025-01-28","B "
2025,1524,181,"2025-05-08","F "
2026,145,97,"2025-06-23","A "
2027,1121,16,"2025-05-02","D "
2028,1950,86,"2025-03-24","B "
2029,1234,40,"2025-03-01","C "
2030,782,184,"2025-03-02","F "
2031,190,54,"2025-01-27","F "
2032,817,188,"2025-02-14","NA"
2033,523,58,"2025-04-09","C "
2034,365,180,"2025-04-18","F "
2035,492,189,"2025-01-17","F "
2036,1977,14,"2025-01-16","C "
2037,1579,199,"2025-06-06","NA"
2038,1773,46,"2025-03-06","A "
2039,817,125,"2025-01-30","B "
2040,183,187,"2025-01-10","A "
2041,43,101,"2025-01-19","NA"
2042,1746,77,"2025-04-24","NA"
2043,427,169,"2025-04-06","NA"
2044,334,41,"2025-06-05","C "
2045,796,6,"2025-06-11","C "
2046,1597,141,"2025-01-08","D "
2047,825,101,"2025-02-14","NA"
2048,584,87,"2025-03-24","B "
2049,1326,109,"2025-01-28","B "
2050,1542,174,"2025-06-28","C "
2051,1955,122,"2025-04-26","D "
2052,1340,90,"2025-04-07","B "
2053,316,194,"2025-02-04","D "
2054,247,101,"2025-06-13","C "
2055,612,101,"2025-05-27","C "
2056,1006,19,"2025-05-23","B "
2057,1641,136,"2025-02-21","NA"
2058,886,187,"2025-02-20","NA"
2059,1508,73,"2025-03-06","C "
2060,1652,73,"2025-05-06","C "
2061,1888,179,"2025-04-23","F "
2062,636,50,"2025-06-23","NA"
2063,1851,180,"2025-03-15","A "
2064,1403,141,"2025-02-27","B "
2065,1236,101,"2025-02-21","A "
2066,269,25,"2025-02-11","NA"
2067,736,34,"2025-04-22","D "
2068,1363,83,"2025-05-16","D "
2069,197,193,"2025-02-19","D "
2070,1705,149,"2025-01-23","D "
2071,753,14,"2025-05-30","A "
2072,1050,182,"2025-01-07","F "
2073,410,78,"2025-06-11","A "
2074,1003,118,"2025-06-21","F "
2075,913,168,"2025-01-25","C "
2076,1814,42,"2025-02-22","A "
2077,795,148,"2025-01-09","F "
2078,976,36,"2025-02-05","D "
2079,550,114,"2025-01-02","A "
2080,1154,179,"2025-04-03","F "
2081,1230,124,"2025-04-15","C "
2082,867,75,"2025-05-26","F "
2083,185,38,"2025-05-20","D "
2084,1550,54,"2025-01-19","C "
2085,866,56,"2025-03-29","F "
2086,1661,192,"2025-02-17","C "
2087,755,51,"2025-06-24","NA"
2088,1258,189,"2025-06-14","A "
2089,382,167,"2025-05-16","NA"
2090,890,3,"2025-05-08","A "
2091,1292,93,"2025-02-18","F "
2092,873,186,"2025-02-23","A "
2093,191,148,"2025-05-27","F "
2094,83,27,"2025-05-02","A "
2095,1052,174,"2025-05-09","F "
2096,700,38,"2025-04-01","B "
2097,1994,97,"2025-04-02","F "
2098,950,110,"2025-06-08","A "
2099,1386,174,"2025-05-24","F "
2100,460,44,"2025-02-05","D "
2101,1327,15,"2025-01-18","F "
2102,1406,25,"2025-04-23","NA"
2103,1462,92,"2025-04-20","B "
2104,318,122,"2025-06-10","A "
2105,1907,46,"2025-04-07","NA"
2106,1015,14,"2025-01-19","D "
2107,1080,31,"2025-05-26","C "
2108,1290,132,"2025-01-21","D "
2109,1326,167,"2025-02-02","D "
2110,1075,87,"2025-05-13","NA"
2111,172,152,"2025-03-18","B "
2112,596,112,"2025-01-26","NA"
2113,959,39,"2025-01-31","C "
2114,896,161,"2025-05-08","A "
2115,163,185,"2025-03-01","B "
2116,1858,104,"2025-01-14","NA"
2117,1642,63,"2025-06-03","F "
2118,979,9,"2025-05-19","C "
2119,616,31,"2025-03-26","D "
2120,305,62,"2025-01-06","F "
2121,262,102,"2025-02-27","NA"
2122,1402,126,"2025-03-16","NA"
2123,1850,78,"2025-03-06","D "
2124,616,177,"2025-04-10","A "
2125,1724,153,"2025-06-30","D "
2126,510,45,"2025-04-02","F "
2127,1072,168,"2025-01-18","C "
2128,876,191,"2025-02-10","A "
2129,606,97,"2025-03-15","F "
2130,1165,199,"2025-01-20","D "
2131,98,178,"2025-05-17","A "
2132,1129,172,"2025-05-28","A "
2133,157,169,"2025-03-03","B "
2134,1879,23,"2025-05-13","C "
2135,93,200,"2025-06-06","D "
2136,1052,119,"2025-05-09","B "
2137,221,167,"2025-03-21","C "
2138,1046,98,"2025-04-13","B "
2139,871,71,"2025-06-08","F "
2140,846,162,"2025-01-15","NA"
2141,194,168,"2025-05-20","C "
2142,952,114,"2025-06-28","F "
2143,1354,95,"2025-01-29","D "
2144,1476,3,"2025-05-30","NA"
2145,1165,31,"2025-05-01","NA"
2146,1665,30,"2025-03-09","B "
2147,519,22,"2025-06-17","F "
2148,728,32,"2025-01-08","C "
2149,522,126,"2025-01-09","NA"
2150,1200,165,"2025-03-28","F "
2151,168,172,"2025-04-18","B "
2152,1575,131,"2025-03-08","B "
2153,1032,58,"2025-02-21","B "
2154,34,6,"2025-03-27","B "
2155,234,151,"2025-01-16","C "
2156,1517,147,"2025-02-05","B "
2157,1355,147,"2025-02-22","A "
2158,948,123,"2025-05-21","A "
2159,368,71,"2025-03-26","F "
2160,1611,178,"2025-06-19","F "
2161,374,191,"2025-01-16","A "
2162,1727,25,"2025-03-02","B "
2163,805,152,"2025-05-07","F "
2164,93,47,"2025-01-19","C "
2165,171,99,"2025-05-25","A "
2166,853,124,"2025-06-06","C "
2167,1796,166,"2025-06-29","C "
2168,1443,180,"2025-01-10","B "
2169,610,112,"2025-03-30","NA"
2170,643,77,"2025-01-19","B "
2171,1203,147,"2025-04-17","B "
2172,1483,33,"2025-06-03","C "
2173,932,26,"2025-06-06","B "
2174,1552,84,"2025-01-21","D "
2175,1373,17,"2025-05-22","C "
2176,922,183,"2025-05-03","B "
2177,1278,138,"2025-02-03","B "
2178,1655,48,"2025-03-11","C "
2179,543,104,"2025-01-11","A "
2180,700,180,"2025-01-27","B "
2181,1980,6,"2025-01-10","D "
2182,1881,101,"2025-05-08","A "
2183,1785,143,"2025-05-10","D "
2184,1659,138,"2025-02-27","A "
2185,384,136,"2025-06-16","D "
2186,433,126,"2025-03-31","NA"
2187,380,17,"2025-04-21","NA"
2188,161,133,"2025-05-03","B "
2189,1530,150,"2025-03-19","D "
2190,1238,138,"2025-02-28","A "
2191,532,183,"2025-01-06","D "
2192,1786,167,"2025-01-15","D "
2193,1380,32,"2025-01-07","D "
2194,218,193,"2025-02-20","B "
2195,889,193,"2025-05-17","B "
2196,1095,54,"2025-06-05","D "
2197,37,169,"2025-04-08","F "
2198,12,31,"2025-06-24","A "
2199,809,47,"2025-06-25","A "
2200,239,154,"2025-01-05","B "
2201,28,178,"2025-05-22","F "
2202,352,47,"2025-05-04","F "
2203,1344,2,"2025-01-14","NA"
2204,978,143,"2025-04-10","F "
2205,943,115,"2025-04-07","A "
2206,1417,81,"2025-06-28","B "
2207,830,32,"2025-02-02","B "
2208,1780,11,"2025-04-21","A "
2209,1348,33,"2025-06-29","D "
2210,1978,148,"2025-04-20","NA"
2211,1525,53,"2025-05-21","F "
2212,1233,168,"2025-02-05","C "
2213,1487,42,"2025-01-30","NA"
2214,997,23,"2025-04-23","C "
2215,621,144,"2025-01-31","D "
2216,1267,66,"2025-06-07","B "
2217,1666,193,"2025-04-05","B "
2218,1995,9,"2025-04-01","A "
2219,1264,22,"2025-02-19","F "
2220,739,32,"2025-03-29","C "
2221,1415,130,"2025-04-22","D "
2222,1380,77,"2025-01-15","C "
2223,1973,94,"2025-03-02","F "
2224,1414,140,"2025-03-01","A "
2225,1383,44,"2025-01-24","D "
2226,809,109,"2025-05-31","A "
2227,1648,169,"2025-01-03","A "
2228,620,1,"2025-02-28","D "
2229,180,64,"2025-04-16","D "
2230,257,77,"2025-05-18","D "
2231,277,12,"2025-05-26","A "
2232,29,133,"2025-01-12","C "
2233,391,76,"2025-01-04","C "
2234,230,169,"2025-03-05","C "
2235,1672,137,"2025-01-15","A "
2236,33,114,"2025-01-20","D "
2237,1426,36,"2025-01-15","NA"
2238,1988,148,"2025-02-02","C "
2239,386,126,"2025-04-23","B "
2240,1760,178,"2025-02-16","NA"
2241,55,81,"2025-03-14","A "
2242,429,134,"2025-01-12","NA"
2243,986,91,"2025-03-22","NA"
2244,1329,156,"2025-03-31","D "
2245,298,138,"2025-06-04","D "
2246,1331,131,"2025-06-17","A "
2247,496,54,"2025-03-04","C "
2248,893,177,"2025-03-16","NA"
2249,1725,26,"2025-02-03","NA"
2250,1283,170,"2025-06-05","C "
2251,1758,12,"2025-04-12","A "
2252,1618,61,"2025-05-03","B "
2253,1104,10,"2025-06-18","B "
2254,391,49,"2025-02-01","B "
2255,177,37,"2025-06-18","F "
2256,617,77,"2025-01-20","A "
2257,1577,56,"2025-01-20","B "
2258,950,35,"2025-03-06","F "
2259,304,155,"2025-05-20","B "
2260,971,142,"2025-02-22","B "
2261,865,56,"2025-05-07","NA"
2262,45,152,"2025-06-30","D "
2263,239,92,"2025-04-02","A "
2264,341,72,"2025-02-26","A "
2265,1849,33,"2025-04-24","F "
2266,313,187,"2025-03-19","B "
2267,1514,160,"2025-04-04","NA"
2268,1439,109,"2025-05-22","NA"
2269,912,20,"2025-03-16","C "
2270,1974,141,"2025-06-17","C "
2271,994,66,"2025-03-04","F "
2272,966,67,"2025-05-15","D "
2273,41,98,"2025-03-10","B "
2274,1761,167,"2025-03-23","D "
2275,921,42,"2025-06-28","B "
2276,1199,103,"2025-05-19","B "
2277,497,117,"2025-05-09","F "
2278,413,22,"2025-01-27","B "
2279,604,66,"2025-01-14","NA"
2280,1167,174,"2025-03-30","NA"
2281,1699,109,"2025-04-16","B "
2282,1708,178,"2025-06-30","C "
2283,803,37,"2025-06-09","A "
2284,105,138,"2025-05-05","B "
2285,684,53,"2025-03-13","A "
2286,17,19,"2025-01-21","D "
2287,211,162,"2025-02-22","B "
2288,1292,188,"2025-02-05","C "
2289,1736,69,"2025-05-14","D "
2290,1461,163,"2025-03-01","NA"
2291,885,179,"2025-03-20","C "
2292,852,166,"2025-05-22","C "
2293,1738,50,"2025-02-23","F "
2294,1016,183,"2025-02-01","C "
2295,1510,96,"2025-04-06","A "
2296,1186,145,"2025-02-06","A "
2297,1221,169,"2025-01-10","C "
2298,1498,166,"2025-03-02","A "
2299,1136,131,"2025-06-28","D "
2300,596,155,"2025-04-23","A "
2301,76,42,"2025-06-16","NA"
2302,999,108,"2025-04-27","B "
2303,819,40,"2025-01-30","D "
2304,996,81,"2025-01-06","A "
2305,1052,112,"2025-05-08","F "
2306,1211,98,"2025-01-09","D "
2307,1485,7,"2025-03-11","F "
2308,1253,155,"2025-03-13","NA"
2309,1916,64,"2025-05-31","F "
2310,1390,20,"2025-04-09","B "
2311,1854,70,"2025-03-18","B "
2312,1673,32,"2025-01-22","A "
2313,1777,137,"2025-01-16","A "
2314,1000,29,"2025-03-13","C "
2315,475,176,"2025-06-06","B "
2316,1463,141,"2025-04-09","A "
2317,125,105,"2025-05-07","D "
2318,1082,17,"2025-01-05","A "
2319,39,85,"2025-04-08","A "
2320,865,164,"2025-04-09","D "
2321,1181,23,"2025-04-24","D "
2322,647,93,"2025-01-12","D "
2323,1134,86,"2025-02-27","F "
2324,131,200,"2025-02-22","D "
2325,549,70,"2025-04-08","B "
2326,1829,38,"2025-02-17","F "
2327,1328,58,"2025-06-18","NA"
2328,855,71,"2025-04-21","A "
2329,1821,3,"2025-05-17","C "
2330,970,26,"2025-01-14","D "
2331,240,97,"2025-06-19","D "
2332,1014,57,"2025-03-20","C "
2333,1276,97,"2025-01-09","B "
2334,1923,27,"2025-05-19","C "
2335,1324,32,"2025-03-31","NA"
2336,711,45,"2025-01-07","F "
2337,919,135,"2025-06-05","C "
2338,1429,187,"2025-03-28","F "
2339,894,79,"2025-03-09","NA"
2340,43,151,"2025-06-01","NA"
2341,331,126,"2025-02-25","A "
2342,590,25,"2025-01-08","D "
2343,1488,136,"2025-03-29","D "
2344,394,90,"2025-06-09","NA"
2345,962,180,"2025-04-22","F "
2346,705,147,"2025-04-20","B "
2347,898,73,"2025-01-15","B "
2348,476,142,"2025-01-28","B "
2349,1040,70,"2025-05-22","F "
2350,450,156,"2025-04-10","B "
2351,1204,26,"2025-06-23","B "
2352,1862,13,"2025-03-15","B "
2353,1403,44,"2025-05-17","NA"
2354,695,82,"2025-04-29","A "
2355,1888,193,"2025-04-19","NA"
2356,1234,100,"2025-05-27","A "
2357,1748,47,"2025-05-26","NA"
2358,1726,89,"2025-05-13","D "
2359,1465,190,"2025-03-08","C "
2360,1346,174,"2025-02-11","F "
2361,960,137,"2025-04-08","A "
2362,269,142,"2025-04-30","B "
2363,1809,153,"2025-03-02","B "
2364,601,104,"2025-02-03","C "
2365,1481,123,"2025-01-04","B "
2366,1457,152,"2025-03-13","NA"
2367,800,33,"2025-06-24","NA"
2368,1966,67,"2025-03-12","C "
2369,854,3,"2025-01-22","C "
2370,1707,176,"2025-03-05","NA"
2371,1928,132,"2025-05-19","D "
2372,1379,183,"2025-03-17","NA"
2373,1337,40,"2025-03-28","F "
2374,1505,169,"2025-05-27","F "
2375,738,33,"2025-04-12","F "
2376,1631,37,"2025-01-10","F "
2377,968,97,"2025-06-07","C "
2378,1638,146,"2025-03-12","B "
2379,1989,189,"2025-04-03","C "
2380,1730,69,"2025-03-10","D "
2381,332,14,"2025-06-18","C "
2382,1274,186,"2025-03-06","NA"
2383,425,164,"2025-06-17","B "
2384,579,95,"2025-06-05","F "
2385,1415,182,"2025-01-04","NA"
2386,1535,200,"2025-02-01","A "
2387,177,64,"2025-03-20","NA"
2388,1367,174,"2025-05-26","D "
2389,989,156,"2025-06-19","NA"
2390,265,108,"2025-03-24","A "
2391,355,181,"2025-03-09","B "
2392,409,118,"2025-02-15","B "
2393,321,47,"2025-04-24","A "
2394,1241,113,"2025-04-29","B "
2395,1008,91,"2025-01-05","NA"
2396,207,120,"2025-04-23","A "
2397,1626,129,"2025-01-03","B "
2398,852,74,"2025-04-30","B "
2399,1932,71,"2025-01-10","D "
2400,1012,110,"2025-04-02","C "
2401,622,134,"2025-05-03","A "
2402,481,184,"2025-06-13","F "
2403,429,59,"2025-05-23","D "
2404,1141,79,"2025-02-25","D "
2405,97,163,"2025-04-15","C "
2406,38,23,"2025-01-15","B "
2407,735,79,"2025-05-29","NA"
2408,1805,105,"2025-01-21","F "
2409,535,198,"2025-03-12","D "
2410,732,81,"2025-06-06","D "
2411,1387,24,"2025-05-22","B "
2412,325,163,"2025-03-22","D "
2413,358,21,"2025-01-17","F "
2414,1696,20,"2025-04-23","C "
2415,1761,187,"2025-02-16","F "
2416,1832,62,"2025-03-08","D "
2417,1032,24,"2025-03-12","A "
2418,66,43,"2025-03-08","NA"
2419,1653,148,"2025-05-07","C "
2420,131,15,"2025-02-02","NA"
2421,692,22,"2025-02-28","F "
2422,882,191,"2025-06-11","C "
2423,234,74,"2025-02-14","C "
2424,1265,142,"2025-02-07","B "
2425,465,127,"2025-06-08","C "
2426,248,3,"2025-06-17","C "
2427,1151,109,"2025-01-13","D "
2428,459,174,"2025-03-01","F "
2429,997,131,"2025-01-30","D "
2430,529,188,"2025-06-17","NA"
2431,697,35,"2025-01-10","A "
2432,1608,123,"2025-02-17","NA"
2433,728,128,"2025-06-25","C "
2434,1576,132,"2025-05-10","F "
2435,96,176,"2025-04-23","C "
2436,1578,174,"2025-05-29","A "
2437,1798,137,"2025-03-23","C "
2438,1141,179,"2025-01-11","D "
2439,548,32,"2025-05-22","NA"
2440,1836,104,"2025-02-28","A "
2441,310,4,"2025-01-16","F "
2442,1748,158,"2025-03-08","B "
2443,1414,49,"2025-03-07","A "
2444,1790,191,"2025-01-05","B "
2445,1056,2,"2025-06-23","D "
2446,1238,183,"2025-04-01","A "
2447,1372,109,"2025-05-19","A "
2448,214,180,"2025-01-12","F "
2449,1447,137,"2025-06-03","NA"
2450,104,192,"2025-03-02","C "
2451,1898,89,"2025-03-31","B "
2452,1938,63,"2025-01-28","C "
2453,897,190,"2025-01-20","C "
2454,1637,170,"2025-05-10","D "
2455,937,136,"2025-04-24","D "
2456,1972,176,"2025-01-29","F "
2457,1724,156,"2025-05-11","A "
2458,1548,11,"2025-01-20","F "
2459,228,156,"2025-03-02","B "
2460,1997,115,"2025-02-22","D "
2461,217,44,"2025-03-25","F "
2462,1601,173,"2025-05-27","B "
2463,1251,196,"2025-04-06","B "
2464,1249,135,"2025-06-24","NA"
2465,1602,58,"2025-04-17","B "
2466,1758,45,"2025-01-19","A "
2467,1941,20,"2025-06-14","B "
2468,209,94,"2025-04-20","NA"
2469,1687,35,"2025-03-14","NA"
2470,1152,132,"2025-02-06","C "
2471,86,91,"2025-01-07","F "
2472,1039,14,"2025-03-25","F "
2473,216,109,"2025-06-05","B "
2474,343,127,"2025-04-03","F "
2475,1291,98,"2025-03-27","F "
2476,242,44,"2025-04-15","F "
2477,1784,96,"2025-06-16","A "
2478,421,29,"2025-04-06","F "
2479,1866,87,"2025-05-01","C "
2480,741,174,"2025-03-17","F "
2481,322,64,"2025-06-09","B "
2482,1492,139,"2025-01-08","NA"
2483,599,197,"2025-02-11","F "
2484,1451,31,"2025-04-05","B "
2485,905,75,"2025-01-12","C "
2486,1561,77,"2025-03-16","B "
2487,1037,124,"2025-02-08","A "
2488,1021,76,"2025-06-01","NA"
2489,1501,68,"2025-01-07","B "
2490,1783,55,"2025-01-28","NA"
2491,204,1,"2025-06-05","NA"
2492,316,189,"2025-02-24","F "
2493,1326,162,"2025-03-22","B "
2494,745,146,"2025-05-11","NA"
2495,686,101,"2025-05-11","B "
2496,1678,56,"2025-05-29","F "
2497,283,79,"2025-03-30","F "
2498,252,165,"2025-02-25","D "
2499,1738,132,"2025-04-07","B "
2500,414,10,"2025-05-30","C "
1,1,1,"2025-06-01","B "
2,2,2,"2025-06-02","A "
